course_id;user_id;role;section_id;status
TICT-V1CSN;1843773;student;TICT-ICT-V1J;active
TICT-V1CSN;1843802;student;TICT-ICT-V1E;active
TICT-V1CSN;1849896;student;TICT-ICT-V1F;active
TICT-V1CSN;1848852;student;TICT-ICT-V1B;active
TICT-V1CSN;1790599;student;TICT-ICT-V1M;active
TICT-V1CSN;1827042;student;TICT-ICT-V1I;active
TICT-V1CSN;1843272;student;TICT-ICT-V1G;active
TICT-V1CSN;1832885;student;TICT-ICT-V1A;active
TICT-V1CSN;1845829;student;TICT-ICT-V1G;active
TICT-V1CSN;1831666;student;TICT-ICT-V1L;active
TICT-V1CSN;1842657;student;TICT-ICT-V1S;active
TICT-V1CSN;1833670;student;TICT-ICT-V1N;active
TICT-V1CSN;1847406;student;TICT-ICT-V1J;active
TICT-V1CSN;1839229;student;TICT-ICT-V1M;active
TICT-V1CSN;1831660;student;TICT-ICT-V1E;active
TICT-V1CSN;1843449;student;TICT-ICT-V1T;active
TICT-V1CSN;1841148;student;TICT-ICT-V1M;active
TICT-V1CSN;1839766;student;TICT-ICT-V1T;active
TICT-V1CSN;1839452;student;TICT-ICT-V1L;active
TICT-V1CSN;1844856;student;TICT-ICT-V1O;active
TICT-V1CSN;1839832;student;TICT-ICT-V1M;active
TICT-V1CSN;1840486;student;TICT-ICT-V1T;active
TICT-V1CSN;1803770;student;TICT-ICT-V1D;active
TICT-V1CSN;1851082;student;TICT-ICT-V1Q;active
TICT-V1CSN;1820926;student;TICT-ICT-V1K;active
TICT-V1CSN;1762963;student;TICT-ICT-V1K;active
TICT-V1CSN;1835776;student;TICT-ICT-V1C;active
TICT-V1CSN;1838286;student;TICT-ICT-V1J;active
TICT-V1CSN;1842287;student;TICT-ICT-V1C;active
TICT-V1CSN;1841533;student;TICT-ICT-V1E;active
TICT-V1CSN;1829518;student;TICT-ICT-V1C;active
TICT-V1CSN;1816884;student;TICT-ICT-V1E;active
TICT-V1CSN;1845024;student;TICT-ICT-V1J;active
TICT-V1CSN;1833349;student;TICT-ICT-V1C;active
TICT-V1CSN;1798991;student;TICT-ICT-V1P;active
TICT-V1CSN;1846609;student;TICT-ICT-V1T;active
TICT-V1CSN;1804763;student;TICT-ICT-V1F;active
TICT-V1CSN;1846758;student;TICT-ICT-V1R;active
TICT-V1CSN;1842220;student;TICT-ICT-V1G;active
TICT-V1CSN;1840073;student;TICT-ICT-V1P;active
TICT-V1CSN;1768078;student;TICT-ICT-V1J;active
TICT-V1CSN;1842915;student;TICT-ICT-V1T;active
TICT-V1CSN;1815548;student;TICT-ICT-V1S;active
TICT-V1CSN;1787573;student;TICT-ICT-V1H;active
TICT-V1CSN;1840115;student;TICT-ICT-V1D;active
TICT-V1CSN;1836690;student;TICT-ICT-V1T;active
TICT-V1CSN;1823601;student;TICT-ICT-V1O;active
TICT-V1CSN;1841721;student;TICT-ICT-V1F;active
TICT-V1CSN;1840739;student;TICT-ICT-V1F;active
TICT-V1CSN;1843382;student;TICT-ICT-V1H;active
TICT-V1CSN;1841519;student;TICT-ICT-V1N;active
TICT-V1CSN;1805065;student;TICT-ICT-V1H;active
TICT-V1CSN;1840367;student;TICT-ICT-V1J;active
TICT-V1CSN;1837839;student;TICT-ICT-V1I;active
TICT-V1CSN;1819074;student;TICT-ICT-V1K;active
TICT-V1CSN;1844236;student;TICT-ICT-V1O;active
TICT-V1CSN;1847574;student;TICT-ICT-V1G;active
TICT-V1CSN;1841672;student;TICT-ICT-V1O;active
TICT-V1CSN;1823184;student;TICT-ICT-V1L;active
TICT-V1CSN;1839929;student;TICT-ICT-V1G;active
TICT-V1CSN;1838784;student;TICT-ICT-V1U;active
TICT-V1CSN;1839211;student;TICT-ICT-V1O;active
TICT-V1CSN;1844071;student;TICT-ICT-V1D;active
TICT-V1CSN;1801469;student;TICT-ICT-V1O;active
TICT-V1CSN;1837330;student;TICT-ICT-V1G;active
TICT-V1CSN;1838266;student;TICT-ICT-V1D;active
TICT-V1CSN;1785961;student;TICT-ICT-V1L;active
TICT-V1CSN;1831826;student;TICT-ICT-V1U;active
TICT-V1CSN;1776155;student;TICT-ICT-V1E;active
TICT-V1CSN;1837928;student;TICT-ICT-V1U;active
TICT-V1CSN;1842887;student;TICT-ICT-V1E;active
TICT-V1CSN;1840990;student;TICT-ICT-V1I;active
TICT-V1CSN;1844711;student;TICT-ICT-V1N;active
TICT-V1CSN;1840682;student;TICT-ICT-V1R;active
TICT-V1CSN;1842993;student;TICT-ICT-V1S;active
TICT-V1CSN;1839439;student;TICT-ICT-V1L;active
TICT-V1CSN;1846538;student;TICT-ICT-V1S;active
TICT-V1CSN;1842689;student;TICT-ICT-V1R;active
TICT-V1CSN;1792430;student;TICT-ICT-V1U;active
TICT-V1CSN;1838486;student;TICT-ICT-V1C;active
TICT-V1CSN;1847220;student;TICT-ICT-V1R;active
TICT-V1CSN;1826530;student;TICT-ICT-V1P;active
TICT-V1CSN;1834933;student;TICT-ICT-V1L;active
TICT-V1CSN;1841258;student;TICT-ICT-V1B;active
TICT-V1CSN;1816357;student;TICT-ICT-V1U;active
TICT-V1CSN;1842037;student;TICT-ICT-V1E;active
TICT-V1CSN;1845129;student;TICT-ICT-V1A;active
TICT-V1CSN;1839154;student;TICT-ICT-V1A;active
TICT-V1CSN;1837771;student;TICT-ICT-V1K;active
TICT-V1CSN;1842692;student;TICT-ICT-V1U;active
TICT-V1CSN;1825861;student;TICT-ICT-V1R;active
TICT-V1CSN;1842472;student;TICT-ICT-V1Q;active
TICT-V1CSN;1825876;student;TICT-ICT-V1B;active
TICT-V1CSN;1846734;student;TICT-ICT-V1J;active
TICT-V1CSN;1841067;student;TICT-ICT-V1G;active
TICT-V1CSN;1850111;student;TICT-ICT-V1F;active
TICT-V1CSN;1846494;student;TICT-ICT-V1A;active
TICT-V1CSN;1794869;student;TICT-ICT-V1J;active
TICT-V1CSN;1842262;student;TICT-ICT-V1D;active
TICT-V1CSN;1844017;student;TICT-ICT-V1G;active
TICT-V1CSN;1806209;student;TICT-ICT-V1B;active
TICT-V1CSN;1843909;student;TICT-ICT-V1J;active
TICT-V1CSN;1813252;student;TICT-ICT-V1R;active
TICT-V1CSN;1844203;student;TICT-ICT-V1B;active
TICT-V1CSN;1839297;student;TICT-ICT-V1J;active
TICT-V1CSN;1839869;student;TICT-ICT-V1P;active
TICT-V1CSN;1843263;student;TICT-ICT-V1A;active
TICT-V1CSN;1839448;student;TICT-ICT-V1J;active
TICT-V1CSN;1841762;student;TICT-ICT-V1O;active
TICT-V1CSN;1821104;student;TICT-ICT-V1B;active
TICT-V1CSN;1839916;student;TICT-ICT-V1Q;active
TICT-V1CSN;1840118;student;TICT-ICT-V1C;active
TICT-V1CSN;1833207;student;TICT-ICT-V1R;active
TICT-V1CSN;1841711;student;TICT-ICT-V1I;active
TICT-V1CSN;1800892;student;TICT-ICT-V1N;active
TICT-V1CSN;1822638;student;TICT-ICT-V1B;active
TICT-V1CSN;1831012;student;TICT-ICT-V1O;active
TICT-V1CSN;1783197;student;TICT-ICT-V1D;active
TICT-V1CSN;1840647;student;TICT-ICT-V1H;active
TICT-V1CSN;1842720;student;TICT-ICT-V1D;active
TICT-V1CSN;1840149;student;TICT-ICT-V1T;active
TICT-V1CSN;1845981;student;TICT-ICT-V1N;active
TICT-V1CSN;1823093;student;TICT-ICT-V1J;active
TICT-V1CSN;1845414;student;TICT-ICT-V1H;active
TICT-V1CSN;1846402;student;TICT-ICT-V1F;active
TICT-V1CSN;1836585;student;TICT-ICT-V1S;active
TICT-V1CSN;1838086;student;TICT-ICT-V1P;active
TICT-V1CSN;1839003;student;TICT-ICT-V1S;active
TICT-V1CSN;1840946;student;TICT-ICT-V1I;active
TICT-V1CSN;1838827;student;TICT-ICT-V1J;active
TICT-V1CSN;1838894;student;TICT-ICT-V1B;active
TICT-V1CSN;1832040;student;TICT-ICT-V1M;active
TICT-V1CSN;1767467;student;TICT-ICT-V1L;active
TICT-V1CSN;1848926;student;TICT-ICT-V1N;active
TICT-V1CSN;1844436;student;TICT-ICT-V1B;active
TICT-V1CSN;1848712;student;TICT-ICT-V1N;active
TICT-V1CSN;1844820;student;TICT-ICT-V1F;active
TICT-V1CSN;1845338;student;TICT-ICT-V1B;active
TICT-V1CSN;1844984;student;TICT-ICT-V1Q;active
TICT-V1CSN;1835708;student;TICT-ICT-V1P;active
TICT-V1CSN;1850440;student;TICT-ICT-V1M;active
TICT-V1CSN;1819802;student;TICT-ICT-V1L;active
TICT-V1CSN;1838020;student;TICT-ICT-V1I;active
TICT-V1CSN;1839226;student;TICT-ICT-V1S;active
TICT-V1CSN;1845026;student;TICT-ICT-V1K;active
TICT-V1CSN;1845841;student;TICT-ICT-V1N;active
TICT-V1CSN;1838452;student;TICT-ICT-V1H;active
TICT-V1CSN;1842708;student;TICT-ICT-V1J;active
TICT-V1CSN;1839615;student;TICT-ICT-V1C;active
TICT-V1CSN;1843133;student;TICT-ICT-V1B;active
TICT-V1CSN;1838279;student;TICT-ICT-V1N;active
TICT-V1CSN;1832404;student;TICT-ICT-V1D;active
TICT-V1CSN;1840945;student;TICT-ICT-V1E;active
TICT-V1CSN;1839007;student;TICT-ICT-V1M;active
TICT-V1CSN;1844412;student;TICT-ICT-V1F;active
TICT-V1CSN;1845934;student;TICT-ICT-V1E;active
TICT-V1CSN;1840239;student;TICT-ICT-V1L;active
TICT-V1CSN;1780427;student;TICT-ICT-V1K;active
TICT-V1CSN;1840952;student;TICT-ICT-V1R;active
TICT-V1CSN;1815396;student;TICT-ICT-V1L;active
TICT-V1CSN;1845124;student;TICT-ICT-V1S;active
TICT-V1CSN;1833460;student;TICT-ICT-V1T;active
TICT-V1CSN;1846255;student;TICT-ICT-V1H;active
TICT-V1CSN;1840377;student;TICT-ICT-V1D;active
TICT-V1CSN;1834502;student;TICT-ICT-V1L;active
TICT-V1CSN;1844508;student;TICT-ICT-V1F;active
TICT-V1CSN;1833967;student;TICT-ICT-V1A;active
TICT-V1CSN;1837652;student;TICT-ICT-V1M;active
TICT-V1CSN;1835263;student;TICT-ICT-V1K;active
TICT-V1CSN;1729607;student;TICT-ICT-V1N;active
TICT-V1CSN;1840124;student;TICT-ICT-V1D;active
TICT-V1CSN;1843711;student;TICT-ICT-V1M;active
TICT-V1CSN;1847369;student;TICT-ICT-V1U;active
TICT-V1CSN;1841087;student;TICT-ICT-V1L;active
TICT-V1CSN;1837860;student;TICT-ICT-V1H;active
TICT-V1CSN;1840059;student;TICT-ICT-V1M;active
TICT-V1CSN;1805640;student;TICT-ICT-V1L;active
TICT-V1CSN;1840753;student;TICT-ICT-V1L;active
TICT-V1CSN;1850992;student;TICT-ICT-V1A;active
TICT-V1CSN;1833197;student;TICT-ICT-V1M;active
TICT-V1CSN;1780741;student;TICT-ICT-V1L;active
TICT-V1CSN;1837014;student;TICT-ICT-V1H;active
TICT-V1CSN;1841468;student;TICT-ICT-V1L;active
TICT-V1CSN;1840690;student;TICT-ICT-V1S;active
TICT-V1CSN;1839104;student;TICT-ICT-V1D;active
TICT-V1CSN;1848546;student;TICT-ICT-V1I;active
TICT-V1CSN;1845852;student;TICT-ICT-V1R;active
TICT-V1CSN;1822549;student;TICT-ICT-V1S;active
TICT-V1CSN;1839058;student;TICT-ICT-V1B;active
TICT-V1CSN;1839273;student;TICT-ICT-V1L;active
TICT-V1CSN;1846459;student;TICT-ICT-V1G;active
TICT-V1CSN;1722608;student;TICT-ICT-V1M;active
TICT-V1CSN;1803993;student;TICT-ICT-V1G;active
TICT-V1CSN;1837978;student;TICT-ICT-V1O;active
TICT-V1CSN;1817612;student;TICT-ICT-V1R;active
TICT-V1CSN;1843087;student;TICT-ICT-V1C;active
TICT-V1CSN;1806109;student;TICT-ICT-V1K;active
TICT-V1CSN;1838643;student;TICT-ICT-V1M;active
TICT-V1CSN;1840957;student;TICT-ICT-V1M;active
TICT-V1CSN;1766854;student;TICT-ICT-V1H;active
TICT-V1CSN;1837128;student;TICT-ICT-V1S;active
TICT-V1CSN;1844054;student;TICT-ICT-V1K;active
TICT-V1CSN;1842473;student;TICT-ICT-V1Q;active
TICT-V1CSN;1838642;student;TICT-ICT-V1Q;active
TICT-V1CSN;1844013;student;TICT-ICT-V1K;active
TICT-V1CSN;1844824;student;TICT-ICT-V1A;active
TICT-V1CSN;1843902;student;TICT-ICT-V1T;active
TICT-V1CSN;1842403;student;TICT-ICT-V1I;active
TICT-V1CSN;1836201;student;TICT-ICT-V1U;active
TICT-V1CSN;1805329;student;TICT-ICT-V1R;active
TICT-V1CSN;1835247;student;TICT-ICT-V1A;active
TICT-V1CSN;1850896;student;TICT-ICT-V1K;active
TICT-V1CSN;1690264;student;TICT-ICT-V1C;active
TICT-V1CSN;1838711;student;TICT-ICT-V1Q;active
TICT-V1CSN;1841298;student;TICT-ICT-V1R;active
TICT-V1CSN;1844415;student;TICT-ICT-V1N;active
TICT-V1CSN;1850831;student;TICT-ICT-V1R;active
TICT-V1CSN;1841149;student;TICT-ICT-V1E;active
TICT-V1CSN;1841152;student;TICT-ICT-V1D;active
TICT-V1CSN;1844109;student;TICT-ICT-V1D;active
TICT-V1CSN;1841592;student;TICT-ICT-V1A;active
TICT-V1CSN;1841902;student;TICT-ICT-V1K;active
TICT-V1CSN;1850146;student;TICT-ICT-V1E;active
TICT-V1CSN;1840058;student;TICT-ICT-V1P;active
TICT-V1CSN;1840829;student;TICT-ICT-V1T;active
TICT-V1CSN;1847928;student;TICT-ICT-V1C;active
TICT-V1CSN;1850654;student;TICT-ICT-V1A;active
TICT-V1CSN;1821394;student;TICT-ICT-V1O;active
TICT-V1CSN;1843584;student;TICT-ICT-V1A;active
TICT-V1CSN;1832355;student;TICT-ICT-V1L;active
TICT-V1CSN;1845542;student;TICT-ICT-V1P;active
TICT-V1CSN;1844473;student;TICT-ICT-V1D;active
TICT-V1CSN;1843898;student;TICT-ICT-V1E;active
TICT-V1CSN;1847136;student;TICT-ICT-V1E;active
TICT-V1CSN;1843785;student;TICT-ICT-V1I;active
TICT-V1CSN;1843635;student;TICT-ICT-V1P;active
TICT-V1CSN;1845592;student;TICT-ICT-V1E;active
TICT-V1CSN;1846435;student;TICT-ICT-V1Q;active
TICT-V1CSN;1837984;student;TICT-ICT-V1E;active
TICT-V1CSN;1839415;student;TICT-ICT-V1T;active
TICT-V1CSN;1839009;student;TICT-ICT-V1N;active
TICT-V1CSN;1839207;student;TICT-ICT-V1M;active
TICT-V1CSN;1850661;student;TICT-ICT-V1J;active
TICT-V1CSN;1844712;student;TICT-ICT-V1K;active
TICT-V1CSN;1839164;student;TICT-ICT-V1F;active
TICT-V1CSN;1819332;student;TICT-ICT-V1F;active
TICT-V1CSN;1834676;student;TICT-ICT-V1C;active
TICT-V1CSN;1839483;student;TICT-ICT-V1Q;active
TICT-V1CSN;1816688;student;TICT-ICT-V1U;active
TICT-V1CSN;1844497;student;TICT-ICT-V1O;active
TICT-V1CSN;1839307;student;TICT-ICT-V1G;active
TICT-V1CSN;1826706;student;TICT-ICT-V1A;active
TICT-V1CSN;1846680;student;TICT-ICT-V1U;active
TICT-V1CSN;1839949;student;TICT-ICT-V1Q;active
TICT-V1CSN;1844631;student;TICT-ICT-V1U;active
TICT-V1CSN;1846167;student;TICT-ICT-V1H;active
TICT-V1CSN;1826134;student;TICT-ICT-V1N;active
TICT-V1CSN;1842182;student;TICT-ICT-V1K;active
TICT-V1CSN;1850645;student;TICT-ICT-V1K;active
TICT-V1CSN;1843003;student;TICT-ICT-V1H;active
TICT-V1CSN;1841862;student;TICT-ICT-V1F;active
TICT-V1CSN;1843265;student;TICT-ICT-V1N;active
TICT-V1CSN;1835884;student;TICT-ICT-V1E;active
TICT-V1CSN;1849067;student;TICT-ICT-V1I;active
TICT-V1CSN;1816895;student;TICT-ICT-V1J;active
TICT-V1CSN;1825565;student;TICT-ICT-V1T;active
TICT-V1CSN;1834863;student;TICT-ICT-V1M;active
TICT-V1CSN;1838656;student;TICT-ICT-V1I;active
TICT-V1CSN;1844993;student;TICT-ICT-V1C;active
TICT-V1CSN;1823513;student;TICT-ICT-V1S;active
TICT-V1CSN;1845665;student;TICT-ICT-V1A;active
TICT-V1CSN;1838886;student;TICT-ICT-V1H;active
TICT-V1CSN;1843143;student;TICT-ICT-V1H;active
TICT-V1CSN;1819207;student;TICT-ICT-V1P;active
TICT-V1CSN;1821639;student;TICT-ICT-V1G;active
TICT-V1CSN;1842718;student;TICT-ICT-V1T;active
TICT-V1CSN;1838558;student;TICT-ICT-V1P;active
TICT-V1CSN;1838046;student;TICT-ICT-V1G;active
TICT-V1CSN;1843405;student;TICT-ICT-V1I;active
TICT-V1CSN;1844337;student;TICT-ICT-V1J;active
TICT-V1CSN;1803468;student;TICT-ICT-V1U;active
TICT-V1CSN;1846643;student;TICT-ICT-V1S;active
TICT-V1CSN;1847270;student;TICT-ICT-V1E;active
TICT-V1CSN;1842033;student;TICT-ICT-V1P;active
TICT-V1CSN;1848677;student;TICT-ICT-V1A;active
TICT-V1CSN;1835487;student;TICT-ICT-V1N;active
TICT-V1CSN;1833986;student;TICT-ICT-V1R;active
TICT-V1CSN;1850524;student;TICT-ICT-V1B;active
TICT-V1CSN;1839890;student;TICT-ICT-V1C;active
TICT-V1CSN;1844215;student;TICT-ICT-V1I;active
TICT-V1CSN;1840360;student;TICT-ICT-V1K;active
TICT-V1CSN;1820414;student;TICT-ICT-V1D;active
TICT-V1CSN;1838986;student;TICT-ICT-V1K;active
TICT-V1CSN;1841626;student;TICT-ICT-V1A;active
TICT-V1CSN;1843151;student;TICT-ICT-V1C;active
TICT-V1CSN;1845062;student;TICT-ICT-V1M;active
TICT-V1CSN;1764783;student;TICT-ICT-V1A;active
TICT-V1CSN;1844843;student;TICT-ICT-V1C;active
TICT-V1CSN;1835820;student;TICT-ICT-V1O;active
TICT-V1CSN;1844284;student;TICT-ICT-V1F;active
TICT-V1CSN;1835332;student;TICT-ICT-V1H;active
TICT-V1CSN;1840173;student;TICT-ICT-V1B;active
TICT-V1CSN;1840930;student;TICT-ICT-V1J;active
TICT-V1CSN;1845419;student;TICT-ICT-V1F;active
TICT-V1CSN;1841658;student;TICT-ICT-V1H;active
TICT-V1CSN;1838338;student;TICT-ICT-V1Q;active
TICT-V1CSN;1840214;student;TICT-ICT-V1P;active
TICT-V1CSN;1847060;student;TICT-ICT-V1M;active
TICT-V1CSN;1833742;student;TICT-ICT-V1B;active
TICT-V1CSN;1806916;student;TICT-ICT-V1S;active
TICT-V1CSN;1838963;student;TICT-ICT-V1T;active
TICT-V1CSN;1843891;student;TICT-ICT-V1D;active
TICT-V1CSN;1838705;student;TICT-ICT-V1B;active
TICT-V1CSN;1839919;student;TICT-ICT-V1B;active
TICT-V1CSN;1839396;student;TICT-ICT-V1G;active
TICT-V1CSN;1835122;student;TICT-ICT-V1O;active
TICT-V1CSN;1829947;student;TICT-ICT-V1G;active
TICT-V1CSN;1841233;student;TICT-ICT-V1N;active
TICT-V1CSN;1842589;student;TICT-ICT-V1R;active
TICT-V1CSN;1849886;student;TICT-ICT-V1D;active
TICT-V1CSN;1838939;student;TICT-ICT-V1S;active
TICT-V1CSN;1837383;student;TICT-ICT-V1Q;active
TICT-V1CSN;1815075;student;TICT-ICT-V1D;active
TICT-V1CSN;1822838;student;TICT-ICT-V1E;active
TICT-V1CSN;1849762;student;TICT-ICT-V1G;active
TICT-V1CSN;1845450;student;TICT-ICT-V1N;active
TICT-V1CSN;1844850;student;TICT-ICT-V1D;active
TICT-V1CSN;1818766;student;TICT-ICT-V1G;active
TICT-V1CSN;1833849;student;TICT-ICT-V1I;active
TICT-V1CSN;1845354;student;TICT-ICT-V1C;active
TICT-V1CSN;1838631;student;TICT-ICT-V1P;active
TICT-V1CSN;1844661;student;TICT-ICT-V1I;active
TICT-V1CSN;1833864;student;TICT-ICT-V1R;active
TICT-V1CSN;1839598;student;TICT-ICT-V1S;active
TICT-V1CSN;1834339;student;TICT-ICT-V1S;active
TICT-V1CSN;1841044;student;TICT-ICT-V1G;active
TICT-V1CSN;1840071;student;TICT-ICT-V1L;active
TICT-V1CSN;1843199;student;TICT-ICT-V1T;active
TICT-V1CSN;1743954;student;TICT-ICT-V1O;active
TICT-V1CSN;1844865;student;TICT-ICT-V1Q;active
TICT-V1CSN;1843466;student;TICT-ICT-V1G;active
TICT-V1CSN;1838227;student;TICT-ICT-V1I;active
TICT-V1CSN;1840010;student;TICT-ICT-V1K;active
TICT-V1CSN;1842556;student;TICT-ICT-V1P;active
TICT-V1CSN;1842668;student;TICT-ICT-V1E;active
TICT-V1CSN;1839650;student;TICT-ICT-V1O;active
TICT-V1CSN;1845341;student;TICT-ICT-V1J;active
TICT-V1CSN;1838087;student;TICT-ICT-V1P;active
TICT-V1CSN;1834346;student;TICT-ICT-V1P;active
TICT-V1CSN;1787701;student;TICT-ICT-V1H;active
TICT-V1CSN;1839564;student;TICT-ICT-V1I;active
TICT-V1CSN;1844159;student;TICT-ICT-V1D;active
TICT-V1CSN;1850032;student;TICT-ICT-V1I;active
TICT-V1CSN;1846539;student;TICT-ICT-V1T;active
TICT-V1CSN;1838438;student;TICT-ICT-V1B;active
TICT-V1CSN;1840972;student;TICT-ICT-V1S;active
TICT-V1CSN;1846132;student;TICT-ICT-V1D;active
TICT-V1CSN;1827703;student;TICT-ICT-V1T;active
TICT-V1CSN;1840146;student;TICT-ICT-V1S;active
TICT-V1CSN;1813774;student;TICT-ICT-V1L;active
TICT-V1CSN;1850219;student;TICT-ICT-V1F;active
TICT-V1CSN;1842424;student;TICT-ICT-V1M;active
TICT-V1CSN;1846084;student;TICT-ICT-V1N;active
TICT-V1CSN;1838648;student;TICT-ICT-V1J;active
TICT-V1CSN;1842048;student;TICT-ICT-V1L;active
TICT-V1CSN;1850720;student;TICT-ICT-V1K;active
TICT-V1CSN;1847127;student;TICT-ICT-V1U;active
TICT-V1CSN;1844245;student;TICT-ICT-V1C;active
TICT-V1CSN;1842181;student;TICT-ICT-V1O;active
TICT-V1CSN;1844106;student;TICT-ICT-V1J;active
TICT-V1CSN;1839657;student;TICT-ICT-V1I;active
TICT-V1CSN;1843454;student;TICT-ICT-V1U;active
TICT-V1CSN;1843292;student;TICT-ICT-V1E;active
TICT-V1CSN;1843692;student;TICT-ICT-V1A;active
TICT-V1CSN;1818095;student;TICT-ICT-V1A;active
TICT-V1CSN;1843078;student;TICT-ICT-V1N;active
TICT-V1CSN;1838844;student;TICT-ICT-V1F;active
TICT-V1CSN;1842375;student;TICT-ICT-V1F;active
TICT-V1CSN;1835302;student;TICT-ICT-V1R;active
TICT-V1CSN;1839853;student;TICT-ICT-V1H;active
TICT-V1CSN;1843235;student;TICT-ICT-V1Q;active
TICT-V1CSN;1801583;student;TICT-ICT-V1U;active
TICT-V1CSN;1837926;student;TICT-ICT-V1F;active
TICT-V1CSN;1838647;student;TICT-ICT-V1R;active
TICT-V1CSN;1845998;student;TICT-ICT-V1H;active
TICT-V1CSN;1834086;student;TICT-ICT-V1M;active
TICT-V1CSN;1842254;student;TICT-ICT-V1M;active
TICT-V1CSN;1838607;student;TICT-ICT-V1K;active
TICT-V1CSN;1840550;student;TICT-ICT-V1T;active
TICT-V1CSN;1847152;student;TICT-ICT-V1E;active
TICT-V1CSN;1843339;student;TICT-ICT-V1G;active
TICT-V1CSN;1841909;student;TICT-ICT-V1M;active
TICT-V1CSN;1803983;student;TICT-ICT-V1C;active
TICT-V1CSN;1827366;student;TICT-ICT-V1L;active
TICT-V1CSN;1820226;student;TICT-ICT-V1T;active
TICT-V1CSN;1844100;student;TICT-ICT-V1C;active
TICT-V1CSN;1822500;student;TICT-ICT-V1N;active
TICT-V1CSN;1844174;student;TICT-ICT-V1G;active
TICT-V1CSN;1838049;student;TICT-ICT-V1U;active
TICT-V1CSN;1830228;student;TICT-ICT-V1H;active
TICT-V1CSN;1841157;student;TICT-ICT-V1T;active
TICT-V1CSN;1837950;student;TICT-ICT-V1Q;active
TICT-V1CSN;1849714;student;TICT-ICT-V1P;active
TICT-V1CSN;1842157;student;TICT-ICT-V1U;active
TICT-V1CSN;1842201;student;TICT-ICT-V1O;active
TICT-V1CSN;1845612;student;TICT-ICT-V1P;active
TICT-V1CSN;1780679;student;TICT-ICT-V1K;active
TICT-V1CSN;1837090;student;TICT-ICT-V1K;active
TICT-V1CSN;1845590;student;TICT-ICT-V1F;active
TICT-V1CSN;1846655;student;TICT-ICT-V1H;active
TICT-V1CSN;1844586;student;TICT-ICT-V1E;active
TICT-V1CSN;1820637;student;TICT-ICT-V1P;active
TICT-V1CSN;1845162;student;TICT-ICT-V1F;active
TICT-V1CSN;1817732;student;TICT-ICT-V1E;active
TICT-V1CSN;1840669;student;TICT-ICT-V1L;active
TICT-V1CSN;1840449;student;TICT-ICT-V1T;active
TICT-V1CSN;1844135;student;TICT-ICT-V1L;active
TICT-V1CSN;1837046;student;TICT-ICT-V1F;active
TICT-V1CSN;1824476;student;TICT-ICT-V1B;active
TICT-V1CSN;1840145;student;TICT-ICT-V1D;active
TICT-V1CSN;1835633;student;TICT-ICT-V1H;active
TICT-V1CSN;1850915;student;TICT-ICT-V1N;active
TICT-V1CSN;1844453;student;TICT-ICT-V1D;active
TICT-V1CSN;1842297;student;TICT-ICT-V1A;active
TICT-V1CSN;1784413;student;TICT-ICT-V1U;active
TICT-V1CSN;1841025;student;TICT-ICT-V1Q;active
TICT-V1CSN;1760099;student;TICT-ICT-V1I;active
TICT-V1CSN;1835454;student;TICT-ICT-V1F;active
TICT-V1CSN;1834433;student;TICT-ICT-V1H;active
TICT-V1CSN;1849968;student;TICT-ICT-V1J;active
TICT-V1CSN;1842103;student;TICT-ICT-V1C;active
TICT-V1CSN;1839772;student;TICT-ICT-V1P;active
TICT-V1CSN;1829522;student;TICT-ICT-V1B;active
TICT-V1CSN;1842457;student;TICT-ICT-V1O;active
TICT-V1CSN;1846979;student;TICT-ICT-V1N;active
TICT-V1CSN;1846374;student;TICT-ICT-V1S;active
TICT-V1CSN;1761792;student;TICT-ICT-V1J;active
TICT-V1CSN;1840067;student;TICT-ICT-V1J;active
TICT-V1CSN;1838400;student;TICT-ICT-V1C;active
TICT-V1CSN;1818964;student;TICT-ICT-V1K;active
TICT-V1CSN;1766469;student;TICT-ICT-V1P;active
TICT-V1CSN;1825315;student;TICT-ICT-V1M;active
TICT-V1CSN;1821804;student;TICT-ICT-V1L;active
TICT-V1CSN;1810523;student;TICT-ICT-V1U;active
TICT-V1CSN;1847987;student;TICT-ICT-V1D;active
TICT-V1CSN;1832279;student;TICT-ICT-V1E;active
TICT-V1CSN;1840358;student;TICT-ICT-V1P;active
TICT-V1CSN;1840426;student;TICT-ICT-V1A;active
TICT-V1CSN;1839968;student;TICT-ICT-V1R;active
TICT-V1CSN;1847162;student;TICT-ICT-V1H;active
TICT-V1CSN;1840755;student;TICT-ICT-V1T;active
TICT-V1CSN;1842954;student;TICT-ICT-V1S;active
TICT-V1CSN;1803672;student;TICT-ICT-V1O;active
TICT-V1CSN;1840562;student;TICT-ICT-V1P;active
TICT-V1CSN;1842415;student;TICT-ICT-V1P;active
TICT-V1CSN;1844462;student;TICT-ICT-V1L;active
TICT-V1CSN;1826996;student;TICT-ICT-V1Q;active
TICT-V1CSN;1841237;student;TICT-ICT-V1Q;active
TICT-V1CSN;1839654;student;TICT-ICT-V1O;active
TICT-V1CSN;1837937;student;TICT-ICT-V1Q;active
TICT-V1CSN;1843224;student;TICT-ICT-V1R;active
TICT-V1CSN;1844840;student;TICT-ICT-V1S;active
TICT-V1CSN;1741582;student;TICT-ICT-V1M;active
TICT-V1CSN;1827526;student;TICT-ICT-V1F;active
TICT-V1CSN;1846896;student;TICT-ICT-V1E;active
TICT-V1CSN;1841103;student;TICT-ICT-V1H;active
TICT-V1CSN;1821119;student;TICT-ICT-V1C;active
TICT-V1CSN;1838865;student;TICT-ICT-V1K;active
TICT-V1CSN;1841539;student;TICT-ICT-V1A;active
TICT-V1CSN;1847130;student;TICT-ICT-V1K;active
TICT-V1CSN;1820717;student;TICT-ICT-V1A;active
TICT-V1CSN;1842808;student;TICT-ICT-V1G;active
TICT-V1CSN;1837444;student;TICT-ICT-V1D;active
TICT-V1CSN;1847422;student;TICT-ICT-V1A;active
TICT-V1CSN;1842702;student;TICT-ICT-V1O;active
TICT-V1CSN;1837925;student;TICT-ICT-V1F;active
TICT-V1CSN;1838698;student;TICT-ICT-V1G;active
TICT-V1CSN;1849539;student;TICT-ICT-V1U;active
TICT-V1CSN;1845066;student;TICT-ICT-V1T;active
TICT-V1CSN;1827764;student;TICT-ICT-V1S;active
TICT-V1CSN;1833938;student;TICT-ICT-V1U;active
TICT-V1CSN;1761016;student;TICT-ICT-V1U;active
TICT-V1CSN;1753996;student;TICT-ICT-V1L;active
TICT-V1CSN;1840879;student;TICT-ICT-V1U;active
TICT-V1CSN;1834306;student;TICT-ICT-V1H;active
TICT-V1CSN;1846927;student;TICT-ICT-V1I;active
TICT-V1CSN;1834771;student;TICT-ICT-V1R;active
TICT-V1CSN;1842053;student;TICT-ICT-V1B;active
TICT-V1CSN;1840584;student;TICT-ICT-V1O;active
TICT-V1CSN;1842299;student;TICT-ICT-V1B;active
TICT-V1CSN;1847391;student;TICT-ICT-V1M;active
TICT-V1CSN;1840425;student;TICT-ICT-V1B;active
TICT-V1CSN;1840359;student;TICT-ICT-V1Q;active
TICT-V1CSN;1845840;student;TICT-ICT-V1I;active
TICT-V1CSN;1843267;student;TICT-ICT-V1R;active
TICT-V1CSN;1847015;student;TICT-ICT-V1N;active
TICT-V1CSN;1822695;student;TICT-ICT-V1U;active
TICT-V1CSN;1844149;student;TICT-ICT-V1U;active
TICT-V1CSN;1849205;student;TICT-ICT-V1U;active
TICT-V1CSN;1836713;student;TICT-ICT-V1I;active
TICT-V1CSN;1840468;student;TICT-ICT-V1F;active
TICT-V1CSN;1820919;student;TICT-ICT-V1D;active
TICT-V1CSN;1837931;student;TICT-ICT-V1B;active
TICT-V1CSN;1841441;student;TICT-ICT-V1E;active
TICT-V1CSN;1834386;student;TICT-ICT-V1P;active
TICT-V1CSN;1845815;student;TICT-ICT-V1A;active
TICT-V1CSN;1820775;student;TICT-ICT-V1U;active
TICT-V1CSN;1835253;student;TICT-ICT-V1O;active
TICT-V1CSN;1844614;student;TICT-ICT-V1N;active
TICT-V1CSN;1824534;student;TICT-ICT-V1T;active
TICT-V1CSN;1841413;student;TICT-ICT-V1N;active
TICT-V1CSN;1838979;student;TICT-ICT-V1T;active
TICT-V1CSN;1843294;student;TICT-ICT-V1J;active
TICT-V1CSN;1844012;student;TICT-ICT-V1G;active
TICT-V1CSN;1845369;student;TICT-ICT-V1G;active
TICT-V1CSN;1841386;student;TICT-ICT-V1I;active
TICT-V1CSN;1838422;student;TICT-ICT-V1M;active
TICT-V1CSN;1838262;student;TICT-ICT-V1I;active
TICT-V1CSN;1844393;student;TICT-ICT-V1G;active
TICT-V1CSN;1827620;student;TICT-ICT-V1F;active
TICT-V1CSN;1798198;student;TICT-ICT-V1D;active
TICT-V1CSN;1842943;student;TICT-ICT-V1R;active
TICT-V1CSN;1837599;student;TICT-ICT-V1A;active
TICT-V1CSN;1844630;student;TICT-ICT-V1T;active
TICT-V1CSN;1843254;student;TICT-ICT-V1B;active
TICT-V1CSN;1827631;student;TICT-ICT-V1B;active
TICT-V1CSN;1805009;student;TICT-ICT-V1C;active
TICT-V1CSN;1841433;student;TICT-ICT-V1E;active
TICT-V1CSN;1846393;student;TICT-ICT-V1O;active
TICT-V1CSN;1764212;student;TICT-ICT-V1S;active
TICT-V1CSN;1846962;student;TICT-ICT-V1R;active
TICT-V1CSN;1811675;student;TICT-ICT-V1T;active
TICT-V1CSN;1817661;student;TICT-ICT-V1O;active
TICT-V1CSN;1840463;student;TICT-ICT-V1B;active
TICT-V1CSN;1840460;student;TICT-ICT-V1A;active
TICT-V1CSN;1834095;student;TICT-ICT-V1B;active
TICT-V1CSN;1819111;student;TICT-ICT-V1U;active
TICT-V1CSN;1838016;student;TICT-ICT-V1G;active
TICT-V1CSN;1839401;student;TICT-ICT-V1K;active
TICT-V1CSN;1838918;student;TICT-ICT-V1D;active
TICT-V1CSN;1840253;student;TICT-ICT-V1G;active
TICT-V1CSN;1820485;student;TICT-ICT-V1C;active
TICT-V1CSN;1825357;student;TICT-ICT-V1K;active
TICT-V1CSN;1839509;student;TICT-ICT-V1A;active
TICT-V1CSN;1842061;student;TICT-ICT-V1C;active
TICT-V1CSN;1763331;student;TICT-ICT-V1G;active
TICT-V1CSN;1843962;student;TICT-ICT-V1O;active
TICT-V1CSN;1835559;student;TICT-ICT-V1G;active
TICT-V1CSN;1846803;student;TICT-ICT-V1S;active
TICT-V1CSN;1823331;student;TICT-ICT-V1A;active
TICT-V1CSN;1838252;student;TICT-ICT-V1N;active
TICT-V1CSN;1839244;student;TICT-ICT-V1J;active
TICT-V1CSN;1840141;student;TICT-ICT-V1K;active
TICT-V1CSN;1725257;student;TICT-ICT-V1M;active
TICT-V1CSN;1845671;student;TICT-ICT-V1Q;active
TICT-V1CSN;1839426;student;TICT-ICT-V1P;active
TICT-V1CSN;1822667;student;TICT-ICT-V1U;active
TICT-V1CSN;1844617;student;TICT-ICT-V1C;active
TICT-V1CSN;1834376;student;TICT-ICT-V1T;active
TICT-V1CSN;1841820;student;TICT-ICT-V1D;active
TICT-V1CSN;1843703;student;TICT-ICT-V1O;active
TICT-V1CSN;1842492;student;TICT-ICT-V1U;active
TICT-V1CSN;1835430;student;TICT-ICT-V1O;active
TICT-V1CSN;1817125;student;TICT-ICT-V1T;active
TICT-V1CSN;1843797;student;TICT-ICT-V1E;active
TICT-V1CSN;1850776;student;TICT-ICT-V1Q;active
TICT-V1CSN;1838901;student;TICT-ICT-V1H;active
TICT-V1CSN;1842663;student;TICT-ICT-V1H;active
TICT-V1CSN;1839979;student;TICT-ICT-V1F;active
TICT-V1CSN;1849793;student;TICT-ICT-V1J;active
TICT-V1CSN;1820398;student;TICT-ICT-V1R;active
TICT-V1CSN;1839160;student;TICT-ICT-V1H;active
TICT-V1CSN;1840224;student;TICT-ICT-V1C;active
TICT-V1CSN;1837979;student;TICT-ICT-V1S;active
TICT-V1CSN;1795417;student;TICT-ICT-V1C;active
TICT-V1CSN;1837362;student;TICT-ICT-V1Q;active
TICT-V1CSN;1847662;student;TICT-ICT-V1M;active
TICT-V1CSN;1839469;student;TICT-ICT-V1O;active
TICT-V1CSN;1839546;student;TICT-ICT-V1H;active
TICT-V1CSN;1839606;student;TICT-ICT-V1F;active
TICT-V1CSN;1821299;student;TICT-ICT-V1M;active
TICT-V1CSN;1840230;student;TICT-ICT-V1I;active
TICT-V1CSN;1837149;student;TICT-ICT-V1Q;active
TICT-V1CSN;1841526;student;TICT-ICT-V1Q;active
TICT-V1CSN;1828845;student;TICT-ICT-V1E;active
TICT-V1CSN;1840965;student;TICT-ICT-V1F;active
TICT-V1CSN;1821574;student;TICT-ICT-V1E;active
TICT-V1CSN;1834140;student;TICT-ICT-V1I;active
TICT-V1CSN;1833573;student;TICT-ICT-V1L;active
TICT-V1CSN;1838658;student;TICT-ICT-V1F;active
TICT-V1CSN;1819991;student;TICT-ICT-V1M;active
TICT-V1CSN;1844272;student;TICT-ICT-V1Q;active
TICT-V1CSN;1843127;student;TICT-ICT-V1Q;active
TICT-V1CSN;1840123;student;TICT-ICT-V1U;active
TICT-V1CSN;1831983;student;TICT-ICT-V1L;active
TICT-V1CSN;1800550;student;TICT-ICT-V1G;active
TICT-V1CSN;1841204;student;TICT-ICT-V1J;active
TICT-V1CSN;1848982;student;TICT-ICT-V1I;active
TICT-V1CSN;1808047;student;TICT-ICT-V1I;active
TICT-V1CSN;1839675;student;TICT-ICT-V1B;active
TICT-V1CSN;1846712;student;TICT-ICT-V1K;active
TICT-V1CSN;1787837;student;TICT-ICT-V1J;active
TICT-V1CSN;1839322;student;TICT-ICT-V1Q;active
TICT-V1CSN;1837939;student;TICT-ICT-V1Q;active
TICT-V1CSN;1838746;student;TICT-ICT-V1S;active
TICT-V1CSN;1843357;student;TICT-ICT-V1N;active
TICT-V1CSN;1843428;student;TICT-ICT-V1R;active
TICT-V1CSN;1824729;student;TICT-ICT-V1L;active
TICT-V1CSN;1844794;student;TICT-ICT-V1C;active
TICT-V1CSN;1841498;student;TICT-ICT-V1E;active
TICT-V1CSN;1842841;student;TICT-ICT-V1N;active
TICT-V1CSN;1841020;student;TICT-ICT-V1N;active
TICT-V1CSN;1849334;student;TICT-ICT-V1M;active
TICT-V1CSN;1844807;student;TICT-ICT-V1P;active
TICT-V1CSN;1839992;student;TICT-ICT-V1N;active
TICT-V1CSN;1839422;student;TICT-ICT-V1T;active
TICT-V1CSN;1768311;student;TICT-ICT-V1B;active
TICT-V1CSN;1835690;student;TICT-ICT-V1J;active
TICT-V1CSN;1834383;student;TICT-ICT-V1D;active
TICT-V1CSN;1844469;student;TICT-ICT-V1R;active
TICT-V1CSN;1837980;student;TICT-ICT-V1R;active
TICT-V1CSN;1836269;student;TICT-ICT-V1A;active
TICT-V1CSN;1819910;student;TICT-ICT-V1I;active
TICT-V1CSN;1842590;student;TICT-ICT-V1P;active
TICT-V1CSN;1846131;student;TICT-ICT-V1R;active
TICT-V1CSN;1844305;student;TICT-ICT-V1K;active
TICT-V1CSN;1823480;student;TICT-ICT-V1M;active
TICT-V1CSN;1845661;student;TICT-ICT-V1O;active
TICT-V1CSN;1846759;student;TICT-ICT-V1Q;active
TICT-V1PROG;1843773;student;TICT-ICT-V1J;active
TICT-V1PROG;1843802;student;TICT-ICT-V1E;active
TICT-V1PROG;1849896;student;TICT-ICT-V1F;active
TICT-V1PROG;1848852;student;TICT-ICT-V1B;active
TICT-V1PROG;1790599;student;TICT-ICT-V1M;active
TICT-V1PROG;1827042;student;TICT-ICT-V1I;active
TICT-V1PROG;1843272;student;TICT-ICT-V1G;active
TICT-V1PROG;1832885;student;TICT-ICT-V1A;active
TICT-V1PROG;1845829;student;TICT-ICT-V1G;active
TICT-V1PROG;1831666;student;TICT-ICT-V1L;active
TICT-V1PROG;1842657;student;TICT-ICT-V1S;active
TICT-V1PROG;1833670;student;TICT-ICT-V1N;active
TICT-V1PROG;1847406;student;TICT-ICT-V1J;active
TICT-V1PROG;1839229;student;TICT-ICT-V1M;active
TICT-V1PROG;1831660;student;TICT-ICT-V1E;active
TICT-V1PROG;1843449;student;TICT-ICT-V1T;active
TICT-V1PROG;1841148;student;TICT-ICT-V1M;active
TICT-V1PROG;1839766;student;TICT-ICT-V1T;active
TICT-V1PROG;1839452;student;TICT-ICT-V1L;active
TICT-V1PROG;1844856;student;TICT-ICT-V1O;active
TICT-V1PROG;1839832;student;TICT-ICT-V1M;active
TICT-V1PROG;1840486;student;TICT-ICT-V1T;active
TICT-V1PROG;1803770;student;TICT-ICT-V1D;active
TICT-V1PROG;1851082;student;TICT-ICT-V1Q;active
TICT-V1PROG;1820926;student;TICT-ICT-V1K;active
TICT-V1PROG;1762963;student;TICT-ICT-V1K;active
TICT-V1PROG;1835776;student;TICT-ICT-V1C;active
TICT-V1PROG;1838286;student;TICT-ICT-V1J;active
TICT-V1PROG;1842287;student;TICT-ICT-V1C;active
TICT-V1PROG;1841533;student;TICT-ICT-V1E;active
TICT-V1PROG;1829518;student;TICT-ICT-V1C;active
TICT-V1PROG;1816884;student;TICT-ICT-V1E;active
TICT-V1PROG;1845024;student;TICT-ICT-V1J;active
TICT-V1PROG;1833349;student;TICT-ICT-V1C;active
TICT-V1PROG;1798991;student;TICT-ICT-V1P;active
TICT-V1PROG;1846609;student;TICT-ICT-V1T;active
TICT-V1PROG;1804763;student;TICT-ICT-V1F;active
TICT-V1PROG;1846758;student;TICT-ICT-V1R;active
TICT-V1PROG;1842220;student;TICT-ICT-V1G;active
TICT-V1PROG;1840073;student;TICT-ICT-V1P;active
TICT-V1PROG;1768078;student;TICT-ICT-V1J;active
TICT-V1PROG;1842915;student;TICT-ICT-V1T;active
TICT-V1PROG;1815548;student;TICT-ICT-V1S;active
TICT-V1PROG;1787573;student;TICT-ICT-V1H;active
TICT-V1PROG;1840115;student;TICT-ICT-V1D;active
TICT-V1PROG;1836690;student;TICT-ICT-V1T;active
TICT-V1PROG;1823601;student;TICT-ICT-V1O;active
TICT-V1PROG;1841721;student;TICT-ICT-V1F;active
TICT-V1PROG;1840739;student;TICT-ICT-V1F;active
TICT-V1PROG;1843382;student;TICT-ICT-V1H;active
TICT-V1PROG;1841519;student;TICT-ICT-V1N;active
TICT-V1PROG;1805065;student;TICT-ICT-V1H;active
TICT-V1PROG;1840367;student;TICT-ICT-V1J;active
TICT-V1PROG;1837839;student;TICT-ICT-V1I;active
TICT-V1PROG;1819074;student;TICT-ICT-V1K;active
TICT-V1PROG;1844236;student;TICT-ICT-V1O;active
TICT-V1PROG;1847574;student;TICT-ICT-V1G;active
TICT-V1PROG;1841672;student;TICT-ICT-V1O;active
TICT-V1PROG;1823184;student;TICT-ICT-V1L;active
TICT-V1PROG;1839929;student;TICT-ICT-V1G;active
TICT-V1PROG;1838784;student;TICT-ICT-V1U;active
TICT-V1PROG;1839211;student;TICT-ICT-V1O;active
TICT-V1PROG;1844071;student;TICT-ICT-V1D;active
TICT-V1PROG;1801469;student;TICT-ICT-V1O;active
TICT-V1PROG;1837330;student;TICT-ICT-V1G;active
TICT-V1PROG;1838266;student;TICT-ICT-V1D;active
TICT-V1PROG;1785961;student;TICT-ICT-V1L;active
TICT-V1PROG;1831826;student;TICT-ICT-V1U;active
TICT-V1PROG;1776155;student;TICT-ICT-V1E;active
TICT-V1PROG;1837928;student;TICT-ICT-V1U;active
TICT-V1PROG;1842887;student;TICT-ICT-V1E;active
TICT-V1PROG;1840990;student;TICT-ICT-V1I;active
TICT-V1PROG;1844711;student;TICT-ICT-V1N;active
TICT-V1PROG;1840682;student;TICT-ICT-V1R;active
TICT-V1PROG;1842993;student;TICT-ICT-V1S;active
TICT-V1PROG;1839439;student;TICT-ICT-V1L;active
TICT-V1PROG;1846538;student;TICT-ICT-V1S;active
TICT-V1PROG;1842689;student;TICT-ICT-V1R;active
TICT-V1PROG;1792430;student;TICT-ICT-V1U;active
TICT-V1PROG;1838486;student;TICT-ICT-V1C;active
TICT-V1PROG;1847220;student;TICT-ICT-V1R;active
TICT-V1PROG;1826530;student;TICT-ICT-V1P;active
TICT-V1PROG;1834933;student;TICT-ICT-V1L;active
TICT-V1PROG;1841258;student;TICT-ICT-V1B;active
TICT-V1PROG;1816357;student;TICT-ICT-V1U;active
TICT-V1PROG;1842037;student;TICT-ICT-V1E;active
TICT-V1PROG;1845129;student;TICT-ICT-V1A;active
TICT-V1PROG;1839154;student;TICT-ICT-V1A;active
TICT-V1PROG;1837771;student;TICT-ICT-V1K;active
TICT-V1PROG;1842692;student;TICT-ICT-V1U;active
TICT-V1PROG;1825861;student;TICT-ICT-V1R;active
TICT-V1PROG;1842472;student;TICT-ICT-V1Q;active
TICT-V1PROG;1825876;student;TICT-ICT-V1B;active
TICT-V1PROG;1846734;student;TICT-ICT-V1J;active
TICT-V1PROG;1841067;student;TICT-ICT-V1G;active
TICT-V1PROG;1850111;student;TICT-ICT-V1F;active
TICT-V1PROG;1846494;student;TICT-ICT-V1A;active
TICT-V1PROG;1794869;student;TICT-ICT-V1J;active
TICT-V1PROG;1842262;student;TICT-ICT-V1D;active
TICT-V1PROG;1844017;student;TICT-ICT-V1G;active
TICT-V1PROG;1806209;student;TICT-ICT-V1B;active
TICT-V1PROG;1843909;student;TICT-ICT-V1J;active
TICT-V1PROG;1813252;student;TICT-ICT-V1R;active
TICT-V1PROG;1844203;student;TICT-ICT-V1B;active
TICT-V1PROG;1839297;student;TICT-ICT-V1J;active
TICT-V1PROG;1839869;student;TICT-ICT-V1P;active
TICT-V1PROG;1843263;student;TICT-ICT-V1A;active
TICT-V1PROG;1839448;student;TICT-ICT-V1J;active
TICT-V1PROG;1841762;student;TICT-ICT-V1O;active
TICT-V1PROG;1821104;student;TICT-ICT-V1B;active
TICT-V1PROG;1839916;student;TICT-ICT-V1Q;active
TICT-V1PROG;1840118;student;TICT-ICT-V1C;active
TICT-V1PROG;1833207;student;TICT-ICT-V1R;active
TICT-V1PROG;1841711;student;TICT-ICT-V1I;active
TICT-V1PROG;1800892;student;TICT-ICT-V1N;active
TICT-V1PROG;1822638;student;TICT-ICT-V1B;active
TICT-V1PROG;1831012;student;TICT-ICT-V1O;active
TICT-V1PROG;1783197;student;TICT-ICT-V1D;active
TICT-V1PROG;1840647;student;TICT-ICT-V1H;active
TICT-V1PROG;1842720;student;TICT-ICT-V1D;active
TICT-V1PROG;1840149;student;TICT-ICT-V1T;active
TICT-V1PROG;1845981;student;TICT-ICT-V1N;active
TICT-V1PROG;1823093;student;TICT-ICT-V1J;active
TICT-V1PROG;1845414;student;TICT-ICT-V1H;active
TICT-V1PROG;1846402;student;TICT-ICT-V1F;active
TICT-V1PROG;1836585;student;TICT-ICT-V1S;active
TICT-V1PROG;1838086;student;TICT-ICT-V1P;active
TICT-V1PROG;1839003;student;TICT-ICT-V1S;active
TICT-V1PROG;1840946;student;TICT-ICT-V1I;active
TICT-V1PROG;1838827;student;TICT-ICT-V1J;active
TICT-V1PROG;1838894;student;TICT-ICT-V1B;active
TICT-V1PROG;1832040;student;TICT-ICT-V1M;active
TICT-V1PROG;1767467;student;TICT-ICT-V1L;active
TICT-V1PROG;1848926;student;TICT-ICT-V1N;active
TICT-V1PROG;1844436;student;TICT-ICT-V1B;active
TICT-V1PROG;1848712;student;TICT-ICT-V1N;active
TICT-V1PROG;1844820;student;TICT-ICT-V1F;active
TICT-V1PROG;1845338;student;TICT-ICT-V1B;active
TICT-V1PROG;1844984;student;TICT-ICT-V1Q;active
TICT-V1PROG;1835708;student;TICT-ICT-V1P;active
TICT-V1PROG;1850440;student;TICT-ICT-V1M;active
TICT-V1PROG;1819802;student;TICT-ICT-V1L;active
TICT-V1PROG;1838020;student;TICT-ICT-V1I;active
TICT-V1PROG;1839226;student;TICT-ICT-V1S;active
TICT-V1PROG;1845026;student;TICT-ICT-V1K;active
TICT-V1PROG;1845841;student;TICT-ICT-V1N;active
TICT-V1PROG;1838452;student;TICT-ICT-V1H;active
TICT-V1PROG;1842708;student;TICT-ICT-V1J;active
TICT-V1PROG;1839615;student;TICT-ICT-V1C;active
TICT-V1PROG;1843133;student;TICT-ICT-V1B;active
TICT-V1PROG;1838279;student;TICT-ICT-V1N;active
TICT-V1PROG;1832404;student;TICT-ICT-V1D;active
TICT-V1PROG;1840945;student;TICT-ICT-V1E;active
TICT-V1PROG;1839007;student;TICT-ICT-V1M;active
TICT-V1PROG;1844412;student;TICT-ICT-V1F;active
TICT-V1PROG;1845934;student;TICT-ICT-V1E;active
TICT-V1PROG;1840239;student;TICT-ICT-V1L;active
TICT-V1PROG;1780427;student;TICT-ICT-V1K;active
TICT-V1PROG;1840952;student;TICT-ICT-V1R;active
TICT-V1PROG;1815396;student;TICT-ICT-V1L;active
TICT-V1PROG;1845124;student;TICT-ICT-V1S;active
TICT-V1PROG;1833460;student;TICT-ICT-V1T;active
TICT-V1PROG;1846255;student;TICT-ICT-V1H;active
TICT-V1PROG;1840377;student;TICT-ICT-V1D;active
TICT-V1PROG;1834502;student;TICT-ICT-V1L;active
TICT-V1PROG;1844508;student;TICT-ICT-V1F;active
TICT-V1PROG;1833967;student;TICT-ICT-V1A;active
TICT-V1PROG;1837652;student;TICT-ICT-V1M;active
TICT-V1PROG;1835263;student;TICT-ICT-V1K;active
TICT-V1PROG;1729607;student;TICT-ICT-V1N;active
TICT-V1PROG;1840124;student;TICT-ICT-V1D;active
TICT-V1PROG;1843711;student;TICT-ICT-V1M;active
TICT-V1PROG;1847369;student;TICT-ICT-V1U;active
TICT-V1PROG;1841087;student;TICT-ICT-V1L;active
TICT-V1PROG;1837860;student;TICT-ICT-V1H;active
TICT-V1PROG;1840059;student;TICT-ICT-V1M;active
TICT-V1PROG;1805640;student;TICT-ICT-V1L;active
TICT-V1PROG;1840753;student;TICT-ICT-V1L;active
TICT-V1PROG;1850992;student;TICT-ICT-V1A;active
TICT-V1PROG;1833197;student;TICT-ICT-V1M;active
TICT-V1PROG;1780741;student;TICT-ICT-V1L;active
TICT-V1PROG;1837014;student;TICT-ICT-V1H;active
TICT-V1PROG;1841468;student;TICT-ICT-V1L;active
TICT-V1PROG;1840690;student;TICT-ICT-V1S;active
TICT-V1PROG;1839104;student;TICT-ICT-V1D;active
TICT-V1PROG;1848546;student;TICT-ICT-V1I;active
TICT-V1PROG;1845852;student;TICT-ICT-V1R;active
TICT-V1PROG;1822549;student;TICT-ICT-V1S;active
TICT-V1PROG;1839058;student;TICT-ICT-V1B;active
TICT-V1PROG;1839273;student;TICT-ICT-V1L;active
TICT-V1PROG;1846459;student;TICT-ICT-V1G;active
TICT-V1PROG;1722608;student;TICT-ICT-V1M;active
TICT-V1PROG;1803993;student;TICT-ICT-V1G;active
TICT-V1PROG;1837978;student;TICT-ICT-V1O;active
TICT-V1PROG;1817612;student;TICT-ICT-V1R;active
TICT-V1PROG;1843087;student;TICT-ICT-V1C;active
TICT-V1PROG;1806109;student;TICT-ICT-V1K;active
TICT-V1PROG;1838643;student;TICT-ICT-V1M;active
TICT-V1PROG;1840957;student;TICT-ICT-V1M;active
TICT-V1PROG;1766854;student;TICT-ICT-V1H;active
TICT-V1PROG;1837128;student;TICT-ICT-V1S;active
TICT-V1PROG;1844054;student;TICT-ICT-V1K;active
TICT-V1PROG;1842473;student;TICT-ICT-V1Q;active
TICT-V1PROG;1838642;student;TICT-ICT-V1Q;active
TICT-V1PROG;1844013;student;TICT-ICT-V1K;active
TICT-V1PROG;1844824;student;TICT-ICT-V1A;active
TICT-V1PROG;1843902;student;TICT-ICT-V1T;active
TICT-V1PROG;1842403;student;TICT-ICT-V1I;active
TICT-V1PROG;1836201;student;TICT-ICT-V1U;active
TICT-V1PROG;1805329;student;TICT-ICT-V1R;active
TICT-V1PROG;1835247;student;TICT-ICT-V1A;active
TICT-V1PROG;1850896;student;TICT-ICT-V1K;active
TICT-V1PROG;1690264;student;TICT-ICT-V1C;active
TICT-V1PROG;1838711;student;TICT-ICT-V1Q;active
TICT-V1PROG;1841298;student;TICT-ICT-V1R;active
TICT-V1PROG;1844415;student;TICT-ICT-V1N;active
TICT-V1PROG;1850831;student;TICT-ICT-V1R;active
TICT-V1PROG;1841149;student;TICT-ICT-V1E;active
TICT-V1PROG;1841152;student;TICT-ICT-V1D;active
TICT-V1PROG;1844109;student;TICT-ICT-V1D;active
TICT-V1PROG;1841592;student;TICT-ICT-V1A;active
TICT-V1PROG;1841902;student;TICT-ICT-V1K;active
TICT-V1PROG;1850146;student;TICT-ICT-V1E;active
TICT-V1PROG;1840058;student;TICT-ICT-V1P;active
TICT-V1PROG;1840829;student;TICT-ICT-V1T;active
TICT-V1PROG;1847928;student;TICT-ICT-V1C;active
TICT-V1PROG;1850654;student;TICT-ICT-V1A;active
TICT-V1PROG;1821394;student;TICT-ICT-V1O;active
TICT-V1PROG;1843584;student;TICT-ICT-V1A;active
TICT-V1PROG;1832355;student;TICT-ICT-V1L;active
TICT-V1PROG;1845542;student;TICT-ICT-V1P;active
TICT-V1PROG;1844473;student;TICT-ICT-V1D;active
TICT-V1PROG;1843898;student;TICT-ICT-V1E;active
TICT-V1PROG;1847136;student;TICT-ICT-V1E;active
TICT-V1PROG;1843785;student;TICT-ICT-V1I;active
TICT-V1PROG;1843635;student;TICT-ICT-V1P;active
TICT-V1PROG;1845592;student;TICT-ICT-V1E;active
TICT-V1PROG;1846435;student;TICT-ICT-V1Q;active
TICT-V1PROG;1837984;student;TICT-ICT-V1E;active
TICT-V1PROG;1839415;student;TICT-ICT-V1T;active
TICT-V1PROG;1839009;student;TICT-ICT-V1N;active
TICT-V1PROG;1839207;student;TICT-ICT-V1M;active
TICT-V1PROG;1850661;student;TICT-ICT-V1J;active
TICT-V1PROG;1844712;student;TICT-ICT-V1K;active
TICT-V1PROG;1839164;student;TICT-ICT-V1F;active
TICT-V1PROG;1819332;student;TICT-ICT-V1F;active
TICT-V1PROG;1834676;student;TICT-ICT-V1C;active
TICT-V1PROG;1839483;student;TICT-ICT-V1Q;active
TICT-V1PROG;1816688;student;TICT-ICT-V1U;active
TICT-V1PROG;1844497;student;TICT-ICT-V1O;active
TICT-V1PROG;1839307;student;TICT-ICT-V1G;active
TICT-V1PROG;1826706;student;TICT-ICT-V1A;active
TICT-V1PROG;1846680;student;TICT-ICT-V1U;active
TICT-V1PROG;1839949;student;TICT-ICT-V1Q;active
TICT-V1PROG;1844631;student;TICT-ICT-V1U;active
TICT-V1PROG;1846167;student;TICT-ICT-V1H;active
TICT-V1PROG;1826134;student;TICT-ICT-V1N;active
TICT-V1PROG;1842182;student;TICT-ICT-V1K;active
TICT-V1PROG;1850645;student;TICT-ICT-V1K;active
TICT-V1PROG;1843003;student;TICT-ICT-V1H;active
TICT-V1PROG;1841862;student;TICT-ICT-V1F;active
TICT-V1PROG;1843265;student;TICT-ICT-V1N;active
TICT-V1PROG;1835884;student;TICT-ICT-V1E;active
TICT-V1PROG;1849067;student;TICT-ICT-V1I;active
TICT-V1PROG;1816895;student;TICT-ICT-V1J;active
TICT-V1PROG;1825565;student;TICT-ICT-V1T;active
TICT-V1PROG;1834863;student;TICT-ICT-V1M;active
TICT-V1PROG;1838656;student;TICT-ICT-V1I;active
TICT-V1PROG;1844993;student;TICT-ICT-V1C;active
TICT-V1PROG;1823513;student;TICT-ICT-V1S;active
TICT-V1PROG;1845665;student;TICT-ICT-V1A;active
TICT-V1PROG;1838886;student;TICT-ICT-V1H;active
TICT-V1PROG;1843143;student;TICT-ICT-V1H;active
TICT-V1PROG;1819207;student;TICT-ICT-V1P;active
TICT-V1PROG;1821639;student;TICT-ICT-V1G;active
TICT-V1PROG;1842718;student;TICT-ICT-V1T;active
TICT-V1PROG;1838558;student;TICT-ICT-V1P;active
TICT-V1PROG;1838046;student;TICT-ICT-V1G;active
TICT-V1PROG;1843405;student;TICT-ICT-V1I;active
TICT-V1PROG;1844337;student;TICT-ICT-V1J;active
TICT-V1PROG;1803468;student;TICT-ICT-V1U;active
TICT-V1PROG;1846643;student;TICT-ICT-V1S;active
TICT-V1PROG;1847270;student;TICT-ICT-V1E;active
TICT-V1PROG;1842033;student;TICT-ICT-V1P;active
TICT-V1PROG;1848677;student;TICT-ICT-V1A;active
TICT-V1PROG;1835487;student;TICT-ICT-V1N;active
TICT-V1PROG;1833986;student;TICT-ICT-V1R;active
TICT-V1PROG;1850524;student;TICT-ICT-V1B;active
TICT-V1PROG;1839890;student;TICT-ICT-V1C;active
TICT-V1PROG;1844215;student;TICT-ICT-V1I;active
TICT-V1PROG;1840360;student;TICT-ICT-V1K;active
TICT-V1PROG;1820414;student;TICT-ICT-V1D;active
TICT-V1PROG;1838986;student;TICT-ICT-V1K;active
TICT-V1PROG;1841626;student;TICT-ICT-V1A;active
TICT-V1PROG;1843151;student;TICT-ICT-V1C;active
TICT-V1PROG;1845062;student;TICT-ICT-V1M;active
TICT-V1PROG;1764783;student;TICT-ICT-V1A;active
TICT-V1PROG;1844843;student;TICT-ICT-V1C;active
TICT-V1PROG;1835820;student;TICT-ICT-V1O;active
TICT-V1PROG;1844284;student;TICT-ICT-V1F;active
TICT-V1PROG;1835332;student;TICT-ICT-V1H;active
TICT-V1PROG;1840173;student;TICT-ICT-V1B;active
TICT-V1PROG;1840930;student;TICT-ICT-V1J;active
TICT-V1PROG;1845419;student;TICT-ICT-V1F;active
TICT-V1PROG;1841658;student;TICT-ICT-V1H;active
TICT-V1PROG;1838338;student;TICT-ICT-V1Q;active
TICT-V1PROG;1840214;student;TICT-ICT-V1P;active
TICT-V1PROG;1847060;student;TICT-ICT-V1M;active
TICT-V1PROG;1833742;student;TICT-ICT-V1B;active
TICT-V1PROG;1806916;student;TICT-ICT-V1S;active
TICT-V1PROG;1838963;student;TICT-ICT-V1T;active
TICT-V1PROG;1843891;student;TICT-ICT-V1D;active
TICT-V1PROG;1838705;student;TICT-ICT-V1B;active
TICT-V1PROG;1839919;student;TICT-ICT-V1B;active
TICT-V1PROG;1839396;student;TICT-ICT-V1G;active
TICT-V1PROG;1835122;student;TICT-ICT-V1O;active
TICT-V1PROG;1829947;student;TICT-ICT-V1G;active
TICT-V1PROG;1841233;student;TICT-ICT-V1N;active
TICT-V1PROG;1842589;student;TICT-ICT-V1R;active
TICT-V1PROG;1849886;student;TICT-ICT-V1D;active
TICT-V1PROG;1838939;student;TICT-ICT-V1S;active
TICT-V1PROG;1837383;student;TICT-ICT-V1Q;active
TICT-V1PROG;1815075;student;TICT-ICT-V1D;active
TICT-V1PROG;1822838;student;TICT-ICT-V1E;active
TICT-V1PROG;1849762;student;TICT-ICT-V1G;active
TICT-V1PROG;1845450;student;TICT-ICT-V1N;active
TICT-V1PROG;1844850;student;TICT-ICT-V1D;active
TICT-V1PROG;1818766;student;TICT-ICT-V1G;active
TICT-V1PROG;1833849;student;TICT-ICT-V1I;active
TICT-V1PROG;1845354;student;TICT-ICT-V1C;active
TICT-V1PROG;1838631;student;TICT-ICT-V1P;active
TICT-V1PROG;1844661;student;TICT-ICT-V1I;active
TICT-V1PROG;1833864;student;TICT-ICT-V1R;active
TICT-V1PROG;1839598;student;TICT-ICT-V1S;active
TICT-V1PROG;1834339;student;TICT-ICT-V1S;active
TICT-V1PROG;1841044;student;TICT-ICT-V1G;active
TICT-V1PROG;1840071;student;TICT-ICT-V1L;active
TICT-V1PROG;1843199;student;TICT-ICT-V1T;active
TICT-V1PROG;1743954;student;TICT-ICT-V1O;active
TICT-V1PROG;1844865;student;TICT-ICT-V1Q;active
TICT-V1PROG;1843466;student;TICT-ICT-V1G;active
TICT-V1PROG;1838227;student;TICT-ICT-V1I;active
TICT-V1PROG;1840010;student;TICT-ICT-V1K;active
TICT-V1PROG;1842556;student;TICT-ICT-V1P;active
TICT-V1PROG;1842668;student;TICT-ICT-V1E;active
TICT-V1PROG;1839650;student;TICT-ICT-V1O;active
TICT-V1PROG;1845341;student;TICT-ICT-V1J;active
TICT-V1PROG;1838087;student;TICT-ICT-V1P;active
TICT-V1PROG;1834346;student;TICT-ICT-V1P;active
TICT-V1PROG;1787701;student;TICT-ICT-V1H;active
TICT-V1PROG;1839564;student;TICT-ICT-V1I;active
TICT-V1PROG;1844159;student;TICT-ICT-V1D;active
TICT-V1PROG;1850032;student;TICT-ICT-V1I;active
TICT-V1PROG;1846539;student;TICT-ICT-V1T;active
TICT-V1PROG;1838438;student;TICT-ICT-V1B;active
TICT-V1PROG;1840972;student;TICT-ICT-V1S;active
TICT-V1PROG;1846132;student;TICT-ICT-V1D;active
TICT-V1PROG;1827703;student;TICT-ICT-V1T;active
TICT-V1PROG;1840146;student;TICT-ICT-V1S;active
TICT-V1PROG;1813774;student;TICT-ICT-V1L;active
TICT-V1PROG;1850219;student;TICT-ICT-V1F;active
TICT-V1PROG;1842424;student;TICT-ICT-V1M;active
TICT-V1PROG;1846084;student;TICT-ICT-V1N;active
TICT-V1PROG;1838648;student;TICT-ICT-V1J;active
TICT-V1PROG;1842048;student;TICT-ICT-V1L;active
TICT-V1PROG;1850720;student;TICT-ICT-V1K;active
TICT-V1PROG;1847127;student;TICT-ICT-V1U;active
TICT-V1PROG;1844245;student;TICT-ICT-V1C;active
TICT-V1PROG;1842181;student;TICT-ICT-V1O;active
TICT-V1PROG;1844106;student;TICT-ICT-V1J;active
TICT-V1PROG;1839657;student;TICT-ICT-V1I;active
TICT-V1PROG;1843454;student;TICT-ICT-V1U;active
TICT-V1PROG;1843292;student;TICT-ICT-V1E;active
TICT-V1PROG;1843692;student;TICT-ICT-V1A;active
TICT-V1PROG;1818095;student;TICT-ICT-V1A;active
TICT-V1PROG;1843078;student;TICT-ICT-V1N;active
TICT-V1PROG;1838844;student;TICT-ICT-V1F;active
TICT-V1PROG;1842375;student;TICT-ICT-V1F;active
TICT-V1PROG;1835302;student;TICT-ICT-V1R;active
TICT-V1PROG;1839853;student;TICT-ICT-V1H;active
TICT-V1PROG;1843235;student;TICT-ICT-V1Q;active
TICT-V1PROG;1801583;student;TICT-ICT-V1U;active
TICT-V1PROG;1837926;student;TICT-ICT-V1F;active
TICT-V1PROG;1838647;student;TICT-ICT-V1R;active
TICT-V1PROG;1845998;student;TICT-ICT-V1H;active
TICT-V1PROG;1834086;student;TICT-ICT-V1M;active
TICT-V1PROG;1842254;student;TICT-ICT-V1M;active
TICT-V1PROG;1838607;student;TICT-ICT-V1K;active
TICT-V1PROG;1840550;student;TICT-ICT-V1T;active
TICT-V1PROG;1847152;student;TICT-ICT-V1E;active
TICT-V1PROG;1843339;student;TICT-ICT-V1G;active
TICT-V1PROG;1841909;student;TICT-ICT-V1M;active
TICT-V1PROG;1803983;student;TICT-ICT-V1C;active
TICT-V1PROG;1827366;student;TICT-ICT-V1L;active
TICT-V1PROG;1820226;student;TICT-ICT-V1T;active
TICT-V1PROG;1844100;student;TICT-ICT-V1C;active
TICT-V1PROG;1822500;student;TICT-ICT-V1N;active
TICT-V1PROG;1844174;student;TICT-ICT-V1G;active
TICT-V1PROG;1838049;student;TICT-ICT-V1U;active
TICT-V1PROG;1830228;student;TICT-ICT-V1H;active
TICT-V1PROG;1841157;student;TICT-ICT-V1T;active
TICT-V1PROG;1837950;student;TICT-ICT-V1Q;active
TICT-V1PROG;1849714;student;TICT-ICT-V1P;active
TICT-V1PROG;1842157;student;TICT-ICT-V1U;active
TICT-V1PROG;1842201;student;TICT-ICT-V1O;active
TICT-V1PROG;1845612;student;TICT-ICT-V1P;active
TICT-V1PROG;1780679;student;TICT-ICT-V1K;active
TICT-V1PROG;1837090;student;TICT-ICT-V1K;active
TICT-V1PROG;1845590;student;TICT-ICT-V1F;active
TICT-V1PROG;1846655;student;TICT-ICT-V1H;active
TICT-V1PROG;1844586;student;TICT-ICT-V1E;active
TICT-V1PROG;1820637;student;TICT-ICT-V1P;active
TICT-V1PROG;1845162;student;TICT-ICT-V1F;active
TICT-V1PROG;1817732;student;TICT-ICT-V1E;active
TICT-V1PROG;1840669;student;TICT-ICT-V1L;active
TICT-V1PROG;1840449;student;TICT-ICT-V1T;active
TICT-V1PROG;1844135;student;TICT-ICT-V1L;active
TICT-V1PROG;1837046;student;TICT-ICT-V1F;active
TICT-V1PROG;1824476;student;TICT-ICT-V1B;active
TICT-V1PROG;1840145;student;TICT-ICT-V1D;active
TICT-V1PROG;1835633;student;TICT-ICT-V1H;active
TICT-V1PROG;1850915;student;TICT-ICT-V1N;active
TICT-V1PROG;1844453;student;TICT-ICT-V1D;active
TICT-V1PROG;1842297;student;TICT-ICT-V1A;active
TICT-V1PROG;1784413;student;TICT-ICT-V1U;active
TICT-V1PROG;1841025;student;TICT-ICT-V1Q;active
TICT-V1PROG;1760099;student;TICT-ICT-V1I;active
TICT-V1PROG;1835454;student;TICT-ICT-V1F;active
TICT-V1PROG;1834433;student;TICT-ICT-V1H;active
TICT-V1PROG;1849968;student;TICT-ICT-V1J;active
TICT-V1PROG;1842103;student;TICT-ICT-V1C;active
TICT-V1PROG;1839772;student;TICT-ICT-V1P;active
TICT-V1PROG;1829522;student;TICT-ICT-V1B;active
TICT-V1PROG;1842457;student;TICT-ICT-V1O;active
TICT-V1PROG;1846979;student;TICT-ICT-V1N;active
TICT-V1PROG;1846374;student;TICT-ICT-V1S;active
TICT-V1PROG;1761792;student;TICT-ICT-V1J;active
TICT-V1PROG;1840067;student;TICT-ICT-V1J;active
TICT-V1PROG;1838400;student;TICT-ICT-V1C;active
TICT-V1PROG;1818964;student;TICT-ICT-V1K;active
TICT-V1PROG;1766469;student;TICT-ICT-V1P;active
TICT-V1PROG;1825315;student;TICT-ICT-V1M;active
TICT-V1PROG;1821804;student;TICT-ICT-V1L;active
TICT-V1PROG;1810523;student;TICT-ICT-V1U;active
TICT-V1PROG;1847987;student;TICT-ICT-V1D;active
TICT-V1PROG;1832279;student;TICT-ICT-V1E;active
TICT-V1PROG;1840358;student;TICT-ICT-V1P;active
TICT-V1PROG;1840426;student;TICT-ICT-V1A;active
TICT-V1PROG;1839968;student;TICT-ICT-V1R;active
TICT-V1PROG;1847162;student;TICT-ICT-V1H;active
TICT-V1PROG;1840755;student;TICT-ICT-V1T;active
TICT-V1PROG;1842954;student;TICT-ICT-V1S;active
TICT-V1PROG;1803672;student;TICT-ICT-V1O;active
TICT-V1PROG;1840562;student;TICT-ICT-V1P;active
TICT-V1PROG;1842415;student;TICT-ICT-V1P;active
TICT-V1PROG;1844462;student;TICT-ICT-V1L;active
TICT-V1PROG;1826996;student;TICT-ICT-V1Q;active
TICT-V1PROG;1841237;student;TICT-ICT-V1Q;active
TICT-V1PROG;1839654;student;TICT-ICT-V1O;active
TICT-V1PROG;1837937;student;TICT-ICT-V1Q;active
TICT-V1PROG;1843224;student;TICT-ICT-V1R;active
TICT-V1PROG;1844840;student;TICT-ICT-V1S;active
TICT-V1PROG;1741582;student;TICT-ICT-V1M;active
TICT-V1PROG;1827526;student;TICT-ICT-V1F;active
TICT-V1PROG;1846896;student;TICT-ICT-V1E;active
TICT-V1PROG;1841103;student;TICT-ICT-V1H;active
TICT-V1PROG;1821119;student;TICT-ICT-V1C;active
TICT-V1PROG;1838865;student;TICT-ICT-V1K;active
TICT-V1PROG;1841539;student;TICT-ICT-V1A;active
TICT-V1PROG;1847130;student;TICT-ICT-V1K;active
TICT-V1PROG;1820717;student;TICT-ICT-V1A;active
TICT-V1PROG;1842808;student;TICT-ICT-V1G;active
TICT-V1PROG;1837444;student;TICT-ICT-V1D;active
TICT-V1PROG;1847422;student;TICT-ICT-V1A;active
TICT-V1PROG;1842702;student;TICT-ICT-V1O;active
TICT-V1PROG;1837925;student;TICT-ICT-V1F;active
TICT-V1PROG;1838698;student;TICT-ICT-V1G;active
TICT-V1PROG;1849539;student;TICT-ICT-V1U;active
TICT-V1PROG;1845066;student;TICT-ICT-V1T;active
TICT-V1PROG;1827764;student;TICT-ICT-V1S;active
TICT-V1PROG;1833938;student;TICT-ICT-V1U;active
TICT-V1PROG;1761016;student;TICT-ICT-V1U;active
TICT-V1PROG;1753996;student;TICT-ICT-V1L;active
TICT-V1PROG;1840879;student;TICT-ICT-V1U;active
TICT-V1PROG;1834306;student;TICT-ICT-V1H;active
TICT-V1PROG;1846927;student;TICT-ICT-V1I;active
TICT-V1PROG;1834771;student;TICT-ICT-V1R;active
TICT-V1PROG;1842053;student;TICT-ICT-V1B;active
TICT-V1PROG;1840584;student;TICT-ICT-V1O;active
TICT-V1PROG;1842299;student;TICT-ICT-V1B;active
TICT-V1PROG;1847391;student;TICT-ICT-V1M;active
TICT-V1PROG;1840425;student;TICT-ICT-V1B;active
TICT-V1PROG;1840359;student;TICT-ICT-V1Q;active
TICT-V1PROG;1845840;student;TICT-ICT-V1I;active
TICT-V1PROG;1843267;student;TICT-ICT-V1R;active
TICT-V1PROG;1847015;student;TICT-ICT-V1N;active
TICT-V1PROG;1822695;student;TICT-ICT-V1U;active
TICT-V1PROG;1844149;student;TICT-ICT-V1U;active
TICT-V1PROG;1849205;student;TICT-ICT-V1U;active
TICT-V1PROG;1836713;student;TICT-ICT-V1I;active
TICT-V1PROG;1840468;student;TICT-ICT-V1F;active
TICT-V1PROG;1820919;student;TICT-ICT-V1D;active
TICT-V1PROG;1837931;student;TICT-ICT-V1B;active
TICT-V1PROG;1841441;student;TICT-ICT-V1E;active
TICT-V1PROG;1834386;student;TICT-ICT-V1P;active
TICT-V1PROG;1845815;student;TICT-ICT-V1A;active
TICT-V1PROG;1820775;student;TICT-ICT-V1U;active
TICT-V1PROG;1835253;student;TICT-ICT-V1O;active
TICT-V1PROG;1844614;student;TICT-ICT-V1N;active
TICT-V1PROG;1824534;student;TICT-ICT-V1T;active
TICT-V1PROG;1841413;student;TICT-ICT-V1N;active
TICT-V1PROG;1838979;student;TICT-ICT-V1T;active
TICT-V1PROG;1843294;student;TICT-ICT-V1J;active
TICT-V1PROG;1844012;student;TICT-ICT-V1G;active
TICT-V1PROG;1845369;student;TICT-ICT-V1G;active
TICT-V1PROG;1841386;student;TICT-ICT-V1I;active
TICT-V1PROG;1838422;student;TICT-ICT-V1M;active
TICT-V1PROG;1838262;student;TICT-ICT-V1I;active
TICT-V1PROG;1844393;student;TICT-ICT-V1G;active
TICT-V1PROG;1827620;student;TICT-ICT-V1F;active
TICT-V1PROG;1798198;student;TICT-ICT-V1D;active
TICT-V1PROG;1842943;student;TICT-ICT-V1R;active
TICT-V1PROG;1837599;student;TICT-ICT-V1A;active
TICT-V1PROG;1844630;student;TICT-ICT-V1T;active
TICT-V1PROG;1843254;student;TICT-ICT-V1B;active
TICT-V1PROG;1827631;student;TICT-ICT-V1B;active
TICT-V1PROG;1805009;student;TICT-ICT-V1C;active
TICT-V1PROG;1841433;student;TICT-ICT-V1E;active
TICT-V1PROG;1846393;student;TICT-ICT-V1O;active
TICT-V1PROG;1764212;student;TICT-ICT-V1S;active
TICT-V1PROG;1846962;student;TICT-ICT-V1R;active
TICT-V1PROG;1811675;student;TICT-ICT-V1T;active
TICT-V1PROG;1817661;student;TICT-ICT-V1O;active
TICT-V1PROG;1840463;student;TICT-ICT-V1B;active
TICT-V1PROG;1840460;student;TICT-ICT-V1A;active
TICT-V1PROG;1834095;student;TICT-ICT-V1B;active
TICT-V1PROG;1819111;student;TICT-ICT-V1U;active
TICT-V1PROG;1838016;student;TICT-ICT-V1G;active
TICT-V1PROG;1839401;student;TICT-ICT-V1K;active
TICT-V1PROG;1838918;student;TICT-ICT-V1D;active
TICT-V1PROG;1840253;student;TICT-ICT-V1G;active
TICT-V1PROG;1820485;student;TICT-ICT-V1C;active
TICT-V1PROG;1825357;student;TICT-ICT-V1K;active
TICT-V1PROG;1839509;student;TICT-ICT-V1A;active
TICT-V1PROG;1842061;student;TICT-ICT-V1C;active
TICT-V1PROG;1763331;student;TICT-ICT-V1G;active
TICT-V1PROG;1843962;student;TICT-ICT-V1O;active
TICT-V1PROG;1835559;student;TICT-ICT-V1G;active
TICT-V1PROG;1846803;student;TICT-ICT-V1S;active
TICT-V1PROG;1823331;student;TICT-ICT-V1A;active
TICT-V1PROG;1838252;student;TICT-ICT-V1N;active
TICT-V1PROG;1839244;student;TICT-ICT-V1J;active
TICT-V1PROG;1840141;student;TICT-ICT-V1K;active
TICT-V1PROG;1725257;student;TICT-ICT-V1M;active
TICT-V1PROG;1845671;student;TICT-ICT-V1Q;active
TICT-V1PROG;1839426;student;TICT-ICT-V1P;active
TICT-V1PROG;1822667;student;TICT-ICT-V1U;active
TICT-V1PROG;1844617;student;TICT-ICT-V1C;active
TICT-V1PROG;1834376;student;TICT-ICT-V1T;active
TICT-V1PROG;1841820;student;TICT-ICT-V1D;active
TICT-V1PROG;1843703;student;TICT-ICT-V1O;active
TICT-V1PROG;1842492;student;TICT-ICT-V1U;active
TICT-V1PROG;1835430;student;TICT-ICT-V1O;active
TICT-V1PROG;1817125;student;TICT-ICT-V1T;active
TICT-V1PROG;1843797;student;TICT-ICT-V1E;active
TICT-V1PROG;1850776;student;TICT-ICT-V1Q;active
TICT-V1PROG;1838901;student;TICT-ICT-V1H;active
TICT-V1PROG;1842663;student;TICT-ICT-V1H;active
TICT-V1PROG;1839979;student;TICT-ICT-V1F;active
TICT-V1PROG;1849793;student;TICT-ICT-V1J;active
TICT-V1PROG;1820398;student;TICT-ICT-V1R;active
TICT-V1PROG;1839160;student;TICT-ICT-V1H;active
TICT-V1PROG;1840224;student;TICT-ICT-V1C;active
TICT-V1PROG;1837979;student;TICT-ICT-V1S;active
TICT-V1PROG;1795417;student;TICT-ICT-V1C;active
TICT-V1PROG;1837362;student;TICT-ICT-V1Q;active
TICT-V1PROG;1847662;student;TICT-ICT-V1M;active
TICT-V1PROG;1839469;student;TICT-ICT-V1O;active
TICT-V1PROG;1839546;student;TICT-ICT-V1H;active
TICT-V1PROG;1839606;student;TICT-ICT-V1F;active
TICT-V1PROG;1821299;student;TICT-ICT-V1M;active
TICT-V1PROG;1840230;student;TICT-ICT-V1I;active
TICT-V1PROG;1837149;student;TICT-ICT-V1Q;active
TICT-V1PROG;1841526;student;TICT-ICT-V1Q;active
TICT-V1PROG;1828845;student;TICT-ICT-V1E;active
TICT-V1PROG;1840965;student;TICT-ICT-V1F;active
TICT-V1PROG;1821574;student;TICT-ICT-V1E;active
TICT-V1PROG;1834140;student;TICT-ICT-V1I;active
TICT-V1PROG;1833573;student;TICT-ICT-V1L;active
TICT-V1PROG;1838658;student;TICT-ICT-V1F;active
TICT-V1PROG;1819991;student;TICT-ICT-V1M;active
TICT-V1PROG;1844272;student;TICT-ICT-V1Q;active
TICT-V1PROG;1843127;student;TICT-ICT-V1Q;active
TICT-V1PROG;1840123;student;TICT-ICT-V1U;active
TICT-V1PROG;1831983;student;TICT-ICT-V1L;active
TICT-V1PROG;1800550;student;TICT-ICT-V1G;active
TICT-V1PROG;1841204;student;TICT-ICT-V1J;active
TICT-V1PROG;1848982;student;TICT-ICT-V1I;active
TICT-V1PROG;1808047;student;TICT-ICT-V1I;active
TICT-V1PROG;1839675;student;TICT-ICT-V1B;active
TICT-V1PROG;1846712;student;TICT-ICT-V1K;active
TICT-V1PROG;1787837;student;TICT-ICT-V1J;active
TICT-V1PROG;1839322;student;TICT-ICT-V1Q;active
TICT-V1PROG;1837939;student;TICT-ICT-V1Q;active
TICT-V1PROG;1838746;student;TICT-ICT-V1S;active
TICT-V1PROG;1843357;student;TICT-ICT-V1N;active
TICT-V1PROG;1843428;student;TICT-ICT-V1R;active
TICT-V1PROG;1824729;student;TICT-ICT-V1L;active
TICT-V1PROG;1844794;student;TICT-ICT-V1C;active
TICT-V1PROG;1841498;student;TICT-ICT-V1E;active
TICT-V1PROG;1842841;student;TICT-ICT-V1N;active
TICT-V1PROG;1841020;student;TICT-ICT-V1N;active
TICT-V1PROG;1849334;student;TICT-ICT-V1M;active
TICT-V1PROG;1844807;student;TICT-ICT-V1P;active
TICT-V1PROG;1839992;student;TICT-ICT-V1N;active
TICT-V1PROG;1839422;student;TICT-ICT-V1T;active
TICT-V1PROG;1768311;student;TICT-ICT-V1B;active
TICT-V1PROG;1835690;student;TICT-ICT-V1J;active
TICT-V1PROG;1834383;student;TICT-ICT-V1D;active
TICT-V1PROG;1844469;student;TICT-ICT-V1R;active
TICT-V1PROG;1837980;student;TICT-ICT-V1R;active
TICT-V1PROG;1836269;student;TICT-ICT-V1A;active
TICT-V1PROG;1819910;student;TICT-ICT-V1I;active
TICT-V1PROG;1842590;student;TICT-ICT-V1P;active
TICT-V1PROG;1846131;student;TICT-ICT-V1R;active
TICT-V1PROG;1844305;student;TICT-ICT-V1K;active
TICT-V1PROG;1823480;student;TICT-ICT-V1M;active
TICT-V1PROG;1845661;student;TICT-ICT-V1O;active
TICT-V1PROG;1846759;student;TICT-ICT-V1Q;active
TICT-V1ICOR;1843773;student;TICT-ICT-V1J;active
TICT-V1ICOR;1843802;student;TICT-ICT-V1E;active
TICT-V1ICOR;1849896;student;TICT-ICT-V1F;active
TICT-V1ICOR;1848852;student;TICT-ICT-V1B;active
TICT-V1ICOR;1790599;student;TICT-ICT-V1M;active
TICT-V1ICOR;1827042;student;TICT-ICT-V1I;active
TICT-V1ICOR;1843272;student;TICT-ICT-V1G;active
TICT-V1ICOR;1832885;student;TICT-ICT-V1A;active
TICT-V1ICOR;1845829;student;TICT-ICT-V1G;active
TICT-V1ICOR;1831666;student;TICT-ICT-V1L;active
TICT-V1ICOR;1842657;student;TICT-ICT-V1S;active
TICT-V1ICOR;1833670;student;TICT-ICT-V1N;active
TICT-V1ICOR;1847406;student;TICT-ICT-V1J;active
TICT-V1ICOR;1839229;student;TICT-ICT-V1M;active
TICT-V1ICOR;1831660;student;TICT-ICT-V1E;active
TICT-V1ICOR;1843449;student;TICT-ICT-V1T;active
TICT-V1ICOR;1841148;student;TICT-ICT-V1M;active
TICT-V1ICOR;1839766;student;TICT-ICT-V1T;active
TICT-V1ICOR;1839452;student;TICT-ICT-V1L;active
TICT-V1ICOR;1844856;student;TICT-ICT-V1O;active
TICT-V1ICOR;1839832;student;TICT-ICT-V1M;active
TICT-V1ICOR;1840486;student;TICT-ICT-V1T;active
TICT-V1ICOR;1803770;student;TICT-ICT-V1D;active
TICT-V1ICOR;1851082;student;TICT-ICT-V1Q;active
TICT-V1ICOR;1820926;student;TICT-ICT-V1K;active
TICT-V1ICOR;1762963;student;TICT-ICT-V1K;active
TICT-V1ICOR;1835776;student;TICT-ICT-V1C;active
TICT-V1ICOR;1838286;student;TICT-ICT-V1J;active
TICT-V1ICOR;1842287;student;TICT-ICT-V1C;active
TICT-V1ICOR;1841533;student;TICT-ICT-V1E;active
TICT-V1ICOR;1829518;student;TICT-ICT-V1C;active
TICT-V1ICOR;1816884;student;TICT-ICT-V1E;active
TICT-V1ICOR;1845024;student;TICT-ICT-V1J;active
TICT-V1ICOR;1833349;student;TICT-ICT-V1C;active
TICT-V1ICOR;1798991;student;TICT-ICT-V1P;active
TICT-V1ICOR;1846609;student;TICT-ICT-V1T;active
TICT-V1ICOR;1804763;student;TICT-ICT-V1F;active
TICT-V1ICOR;1846758;student;TICT-ICT-V1R;active
TICT-V1ICOR;1842220;student;TICT-ICT-V1G;active
TICT-V1ICOR;1840073;student;TICT-ICT-V1P;active
TICT-V1ICOR;1768078;student;TICT-ICT-V1J;active
TICT-V1ICOR;1842915;student;TICT-ICT-V1T;active
TICT-V1ICOR;1815548;student;TICT-ICT-V1S;active
TICT-V1ICOR;1787573;student;TICT-ICT-V1H;active
TICT-V1ICOR;1840115;student;TICT-ICT-V1D;active
TICT-V1ICOR;1836690;student;TICT-ICT-V1T;active
TICT-V1ICOR;1823601;student;TICT-ICT-V1O;active
TICT-V1ICOR;1841721;student;TICT-ICT-V1F;active
TICT-V1ICOR;1840739;student;TICT-ICT-V1F;active
TICT-V1ICOR;1843382;student;TICT-ICT-V1H;active
TICT-V1ICOR;1841519;student;TICT-ICT-V1N;active
TICT-V1ICOR;1805065;student;TICT-ICT-V1H;active
TICT-V1ICOR;1840367;student;TICT-ICT-V1J;active
TICT-V1ICOR;1837839;student;TICT-ICT-V1I;active
TICT-V1ICOR;1819074;student;TICT-ICT-V1K;active
TICT-V1ICOR;1844236;student;TICT-ICT-V1O;active
TICT-V1ICOR;1847574;student;TICT-ICT-V1G;active
TICT-V1ICOR;1841672;student;TICT-ICT-V1O;active
TICT-V1ICOR;1823184;student;TICT-ICT-V1L;active
TICT-V1ICOR;1839929;student;TICT-ICT-V1G;active
TICT-V1ICOR;1838784;student;TICT-ICT-V1U;active
TICT-V1ICOR;1839211;student;TICT-ICT-V1O;active
TICT-V1ICOR;1844071;student;TICT-ICT-V1D;active
TICT-V1ICOR;1801469;student;TICT-ICT-V1O;active
TICT-V1ICOR;1837330;student;TICT-ICT-V1G;active
TICT-V1ICOR;1838266;student;TICT-ICT-V1D;active
TICT-V1ICOR;1785961;student;TICT-ICT-V1L;active
TICT-V1ICOR;1831826;student;TICT-ICT-V1U;active
TICT-V1ICOR;1776155;student;TICT-ICT-V1E;active
TICT-V1ICOR;1837928;student;TICT-ICT-V1U;active
TICT-V1ICOR;1842887;student;TICT-ICT-V1E;active
TICT-V1ICOR;1840990;student;TICT-ICT-V1I;active
TICT-V1ICOR;1844711;student;TICT-ICT-V1N;active
TICT-V1ICOR;1840682;student;TICT-ICT-V1R;active
TICT-V1ICOR;1842993;student;TICT-ICT-V1S;active
TICT-V1ICOR;1839439;student;TICT-ICT-V1L;active
TICT-V1ICOR;1846538;student;TICT-ICT-V1S;active
TICT-V1ICOR;1842689;student;TICT-ICT-V1R;active
TICT-V1ICOR;1792430;student;TICT-ICT-V1U;active
TICT-V1ICOR;1838486;student;TICT-ICT-V1C;active
TICT-V1ICOR;1847220;student;TICT-ICT-V1R;active
TICT-V1ICOR;1826530;student;TICT-ICT-V1P;active
TICT-V1ICOR;1834933;student;TICT-ICT-V1L;active
TICT-V1ICOR;1841258;student;TICT-ICT-V1B;active
TICT-V1ICOR;1816357;student;TICT-ICT-V1U;active
TICT-V1ICOR;1842037;student;TICT-ICT-V1E;active
TICT-V1ICOR;1845129;student;TICT-ICT-V1A;active
TICT-V1ICOR;1839154;student;TICT-ICT-V1A;active
TICT-V1ICOR;1837771;student;TICT-ICT-V1K;active
TICT-V1ICOR;1842692;student;TICT-ICT-V1U;active
TICT-V1ICOR;1825861;student;TICT-ICT-V1R;active
TICT-V1ICOR;1842472;student;TICT-ICT-V1Q;active
TICT-V1ICOR;1825876;student;TICT-ICT-V1B;active
TICT-V1ICOR;1846734;student;TICT-ICT-V1J;active
TICT-V1ICOR;1841067;student;TICT-ICT-V1G;active
TICT-V1ICOR;1850111;student;TICT-ICT-V1F;active
TICT-V1ICOR;1846494;student;TICT-ICT-V1A;active
TICT-V1ICOR;1794869;student;TICT-ICT-V1J;active
TICT-V1ICOR;1842262;student;TICT-ICT-V1D;active
TICT-V1ICOR;1844017;student;TICT-ICT-V1G;active
TICT-V1ICOR;1806209;student;TICT-ICT-V1B;active
TICT-V1ICOR;1843909;student;TICT-ICT-V1J;active
TICT-V1ICOR;1813252;student;TICT-ICT-V1R;active
TICT-V1ICOR;1844203;student;TICT-ICT-V1B;active
TICT-V1ICOR;1839297;student;TICT-ICT-V1J;active
TICT-V1ICOR;1839869;student;TICT-ICT-V1P;active
TICT-V1ICOR;1843263;student;TICT-ICT-V1A;active
TICT-V1ICOR;1839448;student;TICT-ICT-V1J;active
TICT-V1ICOR;1841762;student;TICT-ICT-V1O;active
TICT-V1ICOR;1821104;student;TICT-ICT-V1B;active
TICT-V1ICOR;1839916;student;TICT-ICT-V1Q;active
TICT-V1ICOR;1840118;student;TICT-ICT-V1C;active
TICT-V1ICOR;1833207;student;TICT-ICT-V1R;active
TICT-V1ICOR;1841711;student;TICT-ICT-V1I;active
TICT-V1ICOR;1800892;student;TICT-ICT-V1N;active
TICT-V1ICOR;1822638;student;TICT-ICT-V1B;active
TICT-V1ICOR;1831012;student;TICT-ICT-V1O;active
TICT-V1ICOR;1783197;student;TICT-ICT-V1D;active
TICT-V1ICOR;1840647;student;TICT-ICT-V1H;active
TICT-V1ICOR;1842720;student;TICT-ICT-V1D;active
TICT-V1ICOR;1840149;student;TICT-ICT-V1T;active
TICT-V1ICOR;1845981;student;TICT-ICT-V1N;active
TICT-V1ICOR;1823093;student;TICT-ICT-V1J;active
TICT-V1ICOR;1845414;student;TICT-ICT-V1H;active
TICT-V1ICOR;1846402;student;TICT-ICT-V1F;active
TICT-V1ICOR;1836585;student;TICT-ICT-V1S;active
TICT-V1ICOR;1838086;student;TICT-ICT-V1P;active
TICT-V1ICOR;1839003;student;TICT-ICT-V1S;active
TICT-V1ICOR;1840946;student;TICT-ICT-V1I;active
TICT-V1ICOR;1838827;student;TICT-ICT-V1J;active
TICT-V1ICOR;1838894;student;TICT-ICT-V1B;active
TICT-V1ICOR;1832040;student;TICT-ICT-V1M;active
TICT-V1ICOR;1767467;student;TICT-ICT-V1L;active
TICT-V1ICOR;1848926;student;TICT-ICT-V1N;active
TICT-V1ICOR;1844436;student;TICT-ICT-V1B;active
TICT-V1ICOR;1848712;student;TICT-ICT-V1N;active
TICT-V1ICOR;1844820;student;TICT-ICT-V1F;active
TICT-V1ICOR;1845338;student;TICT-ICT-V1B;active
TICT-V1ICOR;1844984;student;TICT-ICT-V1Q;active
TICT-V1ICOR;1835708;student;TICT-ICT-V1P;active
TICT-V1ICOR;1850440;student;TICT-ICT-V1M;active
TICT-V1ICOR;1819802;student;TICT-ICT-V1L;active
TICT-V1ICOR;1838020;student;TICT-ICT-V1I;active
TICT-V1ICOR;1839226;student;TICT-ICT-V1S;active
TICT-V1ICOR;1845026;student;TICT-ICT-V1K;active
TICT-V1ICOR;1845841;student;TICT-ICT-V1N;active
TICT-V1ICOR;1838452;student;TICT-ICT-V1H;active
TICT-V1ICOR;1842708;student;TICT-ICT-V1J;active
TICT-V1ICOR;1839615;student;TICT-ICT-V1C;active
TICT-V1ICOR;1843133;student;TICT-ICT-V1B;active
TICT-V1ICOR;1838279;student;TICT-ICT-V1N;active
TICT-V1ICOR;1832404;student;TICT-ICT-V1D;active
TICT-V1ICOR;1840945;student;TICT-ICT-V1E;active
TICT-V1ICOR;1839007;student;TICT-ICT-V1M;active
TICT-V1ICOR;1844412;student;TICT-ICT-V1F;active
TICT-V1ICOR;1845934;student;TICT-ICT-V1E;active
TICT-V1ICOR;1840239;student;TICT-ICT-V1L;active
TICT-V1ICOR;1780427;student;TICT-ICT-V1K;active
TICT-V1ICOR;1840952;student;TICT-ICT-V1R;active
TICT-V1ICOR;1815396;student;TICT-ICT-V1L;active
TICT-V1ICOR;1845124;student;TICT-ICT-V1S;active
TICT-V1ICOR;1833460;student;TICT-ICT-V1T;active
TICT-V1ICOR;1846255;student;TICT-ICT-V1H;active
TICT-V1ICOR;1840377;student;TICT-ICT-V1D;active
TICT-V1ICOR;1834502;student;TICT-ICT-V1L;active
TICT-V1ICOR;1844508;student;TICT-ICT-V1F;active
TICT-V1ICOR;1833967;student;TICT-ICT-V1A;active
TICT-V1ICOR;1837652;student;TICT-ICT-V1M;active
TICT-V1ICOR;1835263;student;TICT-ICT-V1K;active
TICT-V1ICOR;1729607;student;TICT-ICT-V1N;active
TICT-V1ICOR;1840124;student;TICT-ICT-V1D;active
TICT-V1ICOR;1843711;student;TICT-ICT-V1M;active
TICT-V1ICOR;1847369;student;TICT-ICT-V1U;active
TICT-V1ICOR;1841087;student;TICT-ICT-V1L;active
TICT-V1ICOR;1837860;student;TICT-ICT-V1H;active
TICT-V1ICOR;1840059;student;TICT-ICT-V1M;active
TICT-V1ICOR;1805640;student;TICT-ICT-V1L;active
TICT-V1ICOR;1840753;student;TICT-ICT-V1L;active
TICT-V1ICOR;1850992;student;TICT-ICT-V1A;active
TICT-V1ICOR;1833197;student;TICT-ICT-V1M;active
TICT-V1ICOR;1780741;student;TICT-ICT-V1L;active
TICT-V1ICOR;1837014;student;TICT-ICT-V1H;active
TICT-V1ICOR;1841468;student;TICT-ICT-V1L;active
TICT-V1ICOR;1840690;student;TICT-ICT-V1S;active
TICT-V1ICOR;1839104;student;TICT-ICT-V1D;active
TICT-V1ICOR;1848546;student;TICT-ICT-V1I;active
TICT-V1ICOR;1845852;student;TICT-ICT-V1R;active
TICT-V1ICOR;1822549;student;TICT-ICT-V1S;active
TICT-V1ICOR;1839058;student;TICT-ICT-V1B;active
TICT-V1ICOR;1839273;student;TICT-ICT-V1L;active
TICT-V1ICOR;1846459;student;TICT-ICT-V1G;active
TICT-V1ICOR;1722608;student;TICT-ICT-V1M;active
TICT-V1ICOR;1803993;student;TICT-ICT-V1G;active
TICT-V1ICOR;1837978;student;TICT-ICT-V1O;active
TICT-V1ICOR;1817612;student;TICT-ICT-V1R;active
TICT-V1ICOR;1843087;student;TICT-ICT-V1C;active
TICT-V1ICOR;1806109;student;TICT-ICT-V1K;active
TICT-V1ICOR;1838643;student;TICT-ICT-V1M;active
TICT-V1ICOR;1840957;student;TICT-ICT-V1M;active
TICT-V1ICOR;1766854;student;TICT-ICT-V1H;active
TICT-V1ICOR;1837128;student;TICT-ICT-V1S;active
TICT-V1ICOR;1844054;student;TICT-ICT-V1K;active
TICT-V1ICOR;1842473;student;TICT-ICT-V1Q;active
TICT-V1ICOR;1838642;student;TICT-ICT-V1Q;active
TICT-V1ICOR;1844013;student;TICT-ICT-V1K;active
TICT-V1ICOR;1844824;student;TICT-ICT-V1A;active
TICT-V1ICOR;1843902;student;TICT-ICT-V1T;active
TICT-V1ICOR;1842403;student;TICT-ICT-V1I;active
TICT-V1ICOR;1836201;student;TICT-ICT-V1U;active
TICT-V1ICOR;1805329;student;TICT-ICT-V1R;active
TICT-V1ICOR;1835247;student;TICT-ICT-V1A;active
TICT-V1ICOR;1850896;student;TICT-ICT-V1K;active
TICT-V1ICOR;1690264;student;TICT-ICT-V1C;active
TICT-V1ICOR;1838711;student;TICT-ICT-V1Q;active
TICT-V1ICOR;1841298;student;TICT-ICT-V1R;active
TICT-V1ICOR;1844415;student;TICT-ICT-V1N;active
TICT-V1ICOR;1850831;student;TICT-ICT-V1R;active
TICT-V1ICOR;1841149;student;TICT-ICT-V1E;active
TICT-V1ICOR;1841152;student;TICT-ICT-V1D;active
TICT-V1ICOR;1844109;student;TICT-ICT-V1D;active
TICT-V1ICOR;1841592;student;TICT-ICT-V1A;active
TICT-V1ICOR;1841902;student;TICT-ICT-V1K;active
TICT-V1ICOR;1850146;student;TICT-ICT-V1E;active
TICT-V1ICOR;1840058;student;TICT-ICT-V1P;active
TICT-V1ICOR;1840829;student;TICT-ICT-V1T;active
TICT-V1ICOR;1847928;student;TICT-ICT-V1C;active
TICT-V1ICOR;1850654;student;TICT-ICT-V1A;active
TICT-V1ICOR;1821394;student;TICT-ICT-V1O;active
TICT-V1ICOR;1843584;student;TICT-ICT-V1A;active
TICT-V1ICOR;1832355;student;TICT-ICT-V1L;active
TICT-V1ICOR;1845542;student;TICT-ICT-V1P;active
TICT-V1ICOR;1844473;student;TICT-ICT-V1D;active
TICT-V1ICOR;1843898;student;TICT-ICT-V1E;active
TICT-V1ICOR;1847136;student;TICT-ICT-V1E;active
TICT-V1ICOR;1843785;student;TICT-ICT-V1I;active
TICT-V1ICOR;1843635;student;TICT-ICT-V1P;active
TICT-V1ICOR;1845592;student;TICT-ICT-V1E;active
TICT-V1ICOR;1846435;student;TICT-ICT-V1Q;active
TICT-V1ICOR;1837984;student;TICT-ICT-V1E;active
TICT-V1ICOR;1839415;student;TICT-ICT-V1T;active
TICT-V1ICOR;1839009;student;TICT-ICT-V1N;active
TICT-V1ICOR;1839207;student;TICT-ICT-V1M;active
TICT-V1ICOR;1850661;student;TICT-ICT-V1J;active
TICT-V1ICOR;1844712;student;TICT-ICT-V1K;active
TICT-V1ICOR;1839164;student;TICT-ICT-V1F;active
TICT-V1ICOR;1819332;student;TICT-ICT-V1F;active
TICT-V1ICOR;1834676;student;TICT-ICT-V1C;active
TICT-V1ICOR;1839483;student;TICT-ICT-V1Q;active
TICT-V1ICOR;1816688;student;TICT-ICT-V1U;active
TICT-V1ICOR;1844497;student;TICT-ICT-V1O;active
TICT-V1ICOR;1839307;student;TICT-ICT-V1G;active
TICT-V1ICOR;1826706;student;TICT-ICT-V1A;active
TICT-V1ICOR;1846680;student;TICT-ICT-V1U;active
TICT-V1ICOR;1839949;student;TICT-ICT-V1Q;active
TICT-V1ICOR;1844631;student;TICT-ICT-V1U;active
TICT-V1ICOR;1846167;student;TICT-ICT-V1H;active
TICT-V1ICOR;1826134;student;TICT-ICT-V1N;active
TICT-V1ICOR;1842182;student;TICT-ICT-V1K;active
TICT-V1ICOR;1850645;student;TICT-ICT-V1K;active
TICT-V1ICOR;1843003;student;TICT-ICT-V1H;active
TICT-V1ICOR;1841862;student;TICT-ICT-V1F;active
TICT-V1ICOR;1843265;student;TICT-ICT-V1N;active
TICT-V1ICOR;1835884;student;TICT-ICT-V1E;active
TICT-V1ICOR;1849067;student;TICT-ICT-V1I;active
TICT-V1ICOR;1816895;student;TICT-ICT-V1J;active
TICT-V1ICOR;1825565;student;TICT-ICT-V1T;active
TICT-V1ICOR;1834863;student;TICT-ICT-V1M;active
TICT-V1ICOR;1838656;student;TICT-ICT-V1I;active
TICT-V1ICOR;1844993;student;TICT-ICT-V1C;active
TICT-V1ICOR;1823513;student;TICT-ICT-V1S;active
TICT-V1ICOR;1845665;student;TICT-ICT-V1A;active
TICT-V1ICOR;1838886;student;TICT-ICT-V1H;active
TICT-V1ICOR;1843143;student;TICT-ICT-V1H;active
TICT-V1ICOR;1819207;student;TICT-ICT-V1P;active
TICT-V1ICOR;1821639;student;TICT-ICT-V1G;active
TICT-V1ICOR;1842718;student;TICT-ICT-V1T;active
TICT-V1ICOR;1838558;student;TICT-ICT-V1P;active
TICT-V1ICOR;1838046;student;TICT-ICT-V1G;active
TICT-V1ICOR;1843405;student;TICT-ICT-V1I;active
TICT-V1ICOR;1844337;student;TICT-ICT-V1J;active
TICT-V1ICOR;1803468;student;TICT-ICT-V1U;active
TICT-V1ICOR;1846643;student;TICT-ICT-V1S;active
TICT-V1ICOR;1847270;student;TICT-ICT-V1E;active
TICT-V1ICOR;1842033;student;TICT-ICT-V1P;active
TICT-V1ICOR;1848677;student;TICT-ICT-V1A;active
TICT-V1ICOR;1835487;student;TICT-ICT-V1N;active
TICT-V1ICOR;1833986;student;TICT-ICT-V1R;active
TICT-V1ICOR;1850524;student;TICT-ICT-V1B;active
TICT-V1ICOR;1839890;student;TICT-ICT-V1C;active
TICT-V1ICOR;1844215;student;TICT-ICT-V1I;active
TICT-V1ICOR;1840360;student;TICT-ICT-V1K;active
TICT-V1ICOR;1820414;student;TICT-ICT-V1D;active
TICT-V1ICOR;1838986;student;TICT-ICT-V1K;active
TICT-V1ICOR;1841626;student;TICT-ICT-V1A;active
TICT-V1ICOR;1843151;student;TICT-ICT-V1C;active
TICT-V1ICOR;1845062;student;TICT-ICT-V1M;active
TICT-V1ICOR;1764783;student;TICT-ICT-V1A;active
TICT-V1ICOR;1844843;student;TICT-ICT-V1C;active
TICT-V1ICOR;1835820;student;TICT-ICT-V1O;active
TICT-V1ICOR;1844284;student;TICT-ICT-V1F;active
TICT-V1ICOR;1835332;student;TICT-ICT-V1H;active
TICT-V1ICOR;1840173;student;TICT-ICT-V1B;active
TICT-V1ICOR;1840930;student;TICT-ICT-V1J;active
TICT-V1ICOR;1845419;student;TICT-ICT-V1F;active
TICT-V1ICOR;1841658;student;TICT-ICT-V1H;active
TICT-V1ICOR;1838338;student;TICT-ICT-V1Q;active
TICT-V1ICOR;1840214;student;TICT-ICT-V1P;active
TICT-V1ICOR;1847060;student;TICT-ICT-V1M;active
TICT-V1ICOR;1833742;student;TICT-ICT-V1B;active
TICT-V1ICOR;1806916;student;TICT-ICT-V1S;active
TICT-V1ICOR;1838963;student;TICT-ICT-V1T;active
TICT-V1ICOR;1843891;student;TICT-ICT-V1D;active
TICT-V1ICOR;1838705;student;TICT-ICT-V1B;active
TICT-V1ICOR;1839919;student;TICT-ICT-V1B;active
TICT-V1ICOR;1839396;student;TICT-ICT-V1G;active
TICT-V1ICOR;1835122;student;TICT-ICT-V1O;active
TICT-V1ICOR;1829947;student;TICT-ICT-V1G;active
TICT-V1ICOR;1841233;student;TICT-ICT-V1N;active
TICT-V1ICOR;1842589;student;TICT-ICT-V1R;active
TICT-V1ICOR;1849886;student;TICT-ICT-V1D;active
TICT-V1ICOR;1838939;student;TICT-ICT-V1S;active
TICT-V1ICOR;1837383;student;TICT-ICT-V1Q;active
TICT-V1ICOR;1815075;student;TICT-ICT-V1D;active
TICT-V1ICOR;1822838;student;TICT-ICT-V1E;active
TICT-V1ICOR;1849762;student;TICT-ICT-V1G;active
TICT-V1ICOR;1845450;student;TICT-ICT-V1N;active
TICT-V1ICOR;1844850;student;TICT-ICT-V1D;active
TICT-V1ICOR;1818766;student;TICT-ICT-V1G;active
TICT-V1ICOR;1833849;student;TICT-ICT-V1I;active
TICT-V1ICOR;1845354;student;TICT-ICT-V1C;active
TICT-V1ICOR;1838631;student;TICT-ICT-V1P;active
TICT-V1ICOR;1844661;student;TICT-ICT-V1I;active
TICT-V1ICOR;1833864;student;TICT-ICT-V1R;active
TICT-V1ICOR;1839598;student;TICT-ICT-V1S;active
TICT-V1ICOR;1834339;student;TICT-ICT-V1S;active
TICT-V1ICOR;1841044;student;TICT-ICT-V1G;active
TICT-V1ICOR;1840071;student;TICT-ICT-V1L;active
TICT-V1ICOR;1843199;student;TICT-ICT-V1T;active
TICT-V1ICOR;1743954;student;TICT-ICT-V1O;active
TICT-V1ICOR;1844865;student;TICT-ICT-V1Q;active
TICT-V1ICOR;1843466;student;TICT-ICT-V1G;active
TICT-V1ICOR;1838227;student;TICT-ICT-V1I;active
TICT-V1ICOR;1840010;student;TICT-ICT-V1K;active
TICT-V1ICOR;1842556;student;TICT-ICT-V1P;active
TICT-V1ICOR;1842668;student;TICT-ICT-V1E;active
TICT-V1ICOR;1839650;student;TICT-ICT-V1O;active
TICT-V1ICOR;1845341;student;TICT-ICT-V1J;active
TICT-V1ICOR;1838087;student;TICT-ICT-V1P;active
TICT-V1ICOR;1834346;student;TICT-ICT-V1P;active
TICT-V1ICOR;1787701;student;TICT-ICT-V1H;active
TICT-V1ICOR;1839564;student;TICT-ICT-V1I;active
TICT-V1ICOR;1844159;student;TICT-ICT-V1D;active
TICT-V1ICOR;1850032;student;TICT-ICT-V1I;active
TICT-V1ICOR;1846539;student;TICT-ICT-V1T;active
TICT-V1ICOR;1838438;student;TICT-ICT-V1B;active
TICT-V1ICOR;1840972;student;TICT-ICT-V1S;active
TICT-V1ICOR;1846132;student;TICT-ICT-V1D;active
TICT-V1ICOR;1827703;student;TICT-ICT-V1T;active
TICT-V1ICOR;1840146;student;TICT-ICT-V1S;active
TICT-V1ICOR;1813774;student;TICT-ICT-V1L;active
TICT-V1ICOR;1850219;student;TICT-ICT-V1F;active
TICT-V1ICOR;1842424;student;TICT-ICT-V1M;active
TICT-V1ICOR;1846084;student;TICT-ICT-V1N;active
TICT-V1ICOR;1838648;student;TICT-ICT-V1J;active
TICT-V1ICOR;1842048;student;TICT-ICT-V1L;active
TICT-V1ICOR;1850720;student;TICT-ICT-V1K;active
TICT-V1ICOR;1847127;student;TICT-ICT-V1U;active
TICT-V1ICOR;1844245;student;TICT-ICT-V1C;active
TICT-V1ICOR;1842181;student;TICT-ICT-V1O;active
TICT-V1ICOR;1844106;student;TICT-ICT-V1J;active
TICT-V1ICOR;1839657;student;TICT-ICT-V1I;active
TICT-V1ICOR;1843454;student;TICT-ICT-V1U;active
TICT-V1ICOR;1843292;student;TICT-ICT-V1E;active
TICT-V1ICOR;1843692;student;TICT-ICT-V1A;active
TICT-V1ICOR;1818095;student;TICT-ICT-V1A;active
TICT-V1ICOR;1843078;student;TICT-ICT-V1N;active
TICT-V1ICOR;1838844;student;TICT-ICT-V1F;active
TICT-V1ICOR;1842375;student;TICT-ICT-V1F;active
TICT-V1ICOR;1835302;student;TICT-ICT-V1R;active
TICT-V1ICOR;1839853;student;TICT-ICT-V1H;active
TICT-V1ICOR;1843235;student;TICT-ICT-V1Q;active
TICT-V1ICOR;1801583;student;TICT-ICT-V1U;active
TICT-V1ICOR;1837926;student;TICT-ICT-V1F;active
TICT-V1ICOR;1838647;student;TICT-ICT-V1R;active
TICT-V1ICOR;1845998;student;TICT-ICT-V1H;active
TICT-V1ICOR;1834086;student;TICT-ICT-V1M;active
TICT-V1ICOR;1842254;student;TICT-ICT-V1M;active
TICT-V1ICOR;1838607;student;TICT-ICT-V1K;active
TICT-V1ICOR;1840550;student;TICT-ICT-V1T;active
TICT-V1ICOR;1847152;student;TICT-ICT-V1E;active
TICT-V1ICOR;1843339;student;TICT-ICT-V1G;active
TICT-V1ICOR;1841909;student;TICT-ICT-V1M;active
TICT-V1ICOR;1803983;student;TICT-ICT-V1C;active
TICT-V1ICOR;1827366;student;TICT-ICT-V1L;active
TICT-V1ICOR;1820226;student;TICT-ICT-V1T;active
TICT-V1ICOR;1844100;student;TICT-ICT-V1C;active
TICT-V1ICOR;1822500;student;TICT-ICT-V1N;active
TICT-V1ICOR;1844174;student;TICT-ICT-V1G;active
TICT-V1ICOR;1838049;student;TICT-ICT-V1U;active
TICT-V1ICOR;1830228;student;TICT-ICT-V1H;active
TICT-V1ICOR;1841157;student;TICT-ICT-V1T;active
TICT-V1ICOR;1837950;student;TICT-ICT-V1Q;active
TICT-V1ICOR;1849714;student;TICT-ICT-V1P;active
TICT-V1ICOR;1842157;student;TICT-ICT-V1U;active
TICT-V1ICOR;1842201;student;TICT-ICT-V1O;active
TICT-V1ICOR;1845612;student;TICT-ICT-V1P;active
TICT-V1ICOR;1780679;student;TICT-ICT-V1K;active
TICT-V1ICOR;1837090;student;TICT-ICT-V1K;active
TICT-V1ICOR;1845590;student;TICT-ICT-V1F;active
TICT-V1ICOR;1846655;student;TICT-ICT-V1H;active
TICT-V1ICOR;1844586;student;TICT-ICT-V1E;active
TICT-V1ICOR;1820637;student;TICT-ICT-V1P;active
TICT-V1ICOR;1845162;student;TICT-ICT-V1F;active
TICT-V1ICOR;1817732;student;TICT-ICT-V1E;active
TICT-V1ICOR;1840669;student;TICT-ICT-V1L;active
TICT-V1ICOR;1840449;student;TICT-ICT-V1T;active
TICT-V1ICOR;1844135;student;TICT-ICT-V1L;active
TICT-V1ICOR;1837046;student;TICT-ICT-V1F;active
TICT-V1ICOR;1824476;student;TICT-ICT-V1B;active
TICT-V1ICOR;1840145;student;TICT-ICT-V1D;active
TICT-V1ICOR;1835633;student;TICT-ICT-V1H;active
TICT-V1ICOR;1850915;student;TICT-ICT-V1N;active
TICT-V1ICOR;1844453;student;TICT-ICT-V1D;active
TICT-V1ICOR;1842297;student;TICT-ICT-V1A;active
TICT-V1ICOR;1784413;student;TICT-ICT-V1U;active
TICT-V1ICOR;1841025;student;TICT-ICT-V1Q;active
TICT-V1ICOR;1760099;student;TICT-ICT-V1I;active
TICT-V1ICOR;1835454;student;TICT-ICT-V1F;active
TICT-V1ICOR;1834433;student;TICT-ICT-V1H;active
TICT-V1ICOR;1849968;student;TICT-ICT-V1J;active
TICT-V1ICOR;1842103;student;TICT-ICT-V1C;active
TICT-V1ICOR;1839772;student;TICT-ICT-V1P;active
TICT-V1ICOR;1829522;student;TICT-ICT-V1B;active
TICT-V1ICOR;1842457;student;TICT-ICT-V1O;active
TICT-V1ICOR;1846979;student;TICT-ICT-V1N;active
TICT-V1ICOR;1846374;student;TICT-ICT-V1S;active
TICT-V1ICOR;1761792;student;TICT-ICT-V1J;active
TICT-V1ICOR;1840067;student;TICT-ICT-V1J;active
TICT-V1ICOR;1838400;student;TICT-ICT-V1C;active
TICT-V1ICOR;1818964;student;TICT-ICT-V1K;active
TICT-V1ICOR;1766469;student;TICT-ICT-V1P;active
TICT-V1ICOR;1825315;student;TICT-ICT-V1M;active
TICT-V1ICOR;1821804;student;TICT-ICT-V1L;active
TICT-V1ICOR;1810523;student;TICT-ICT-V1U;active
TICT-V1ICOR;1847987;student;TICT-ICT-V1D;active
TICT-V1ICOR;1832279;student;TICT-ICT-V1E;active
TICT-V1ICOR;1840358;student;TICT-ICT-V1P;active
TICT-V1ICOR;1840426;student;TICT-ICT-V1A;active
TICT-V1ICOR;1839968;student;TICT-ICT-V1R;active
TICT-V1ICOR;1847162;student;TICT-ICT-V1H;active
TICT-V1ICOR;1840755;student;TICT-ICT-V1T;active
TICT-V1ICOR;1842954;student;TICT-ICT-V1S;active
TICT-V1ICOR;1803672;student;TICT-ICT-V1O;active
TICT-V1ICOR;1840562;student;TICT-ICT-V1P;active
TICT-V1ICOR;1842415;student;TICT-ICT-V1P;active
TICT-V1ICOR;1844462;student;TICT-ICT-V1L;active
TICT-V1ICOR;1826996;student;TICT-ICT-V1Q;active
TICT-V1ICOR;1841237;student;TICT-ICT-V1Q;active
TICT-V1ICOR;1839654;student;TICT-ICT-V1O;active
TICT-V1ICOR;1837937;student;TICT-ICT-V1Q;active
TICT-V1ICOR;1843224;student;TICT-ICT-V1R;active
TICT-V1ICOR;1844840;student;TICT-ICT-V1S;active
TICT-V1ICOR;1741582;student;TICT-ICT-V1M;active
TICT-V1ICOR;1827526;student;TICT-ICT-V1F;active
TICT-V1ICOR;1846896;student;TICT-ICT-V1E;active
TICT-V1ICOR;1841103;student;TICT-ICT-V1H;active
TICT-V1ICOR;1821119;student;TICT-ICT-V1C;active
TICT-V1ICOR;1838865;student;TICT-ICT-V1K;active
TICT-V1ICOR;1841539;student;TICT-ICT-V1A;active
TICT-V1ICOR;1847130;student;TICT-ICT-V1K;active
TICT-V1ICOR;1820717;student;TICT-ICT-V1A;active
TICT-V1ICOR;1842808;student;TICT-ICT-V1G;active
TICT-V1ICOR;1837444;student;TICT-ICT-V1D;active
TICT-V1ICOR;1847422;student;TICT-ICT-V1A;active
TICT-V1ICOR;1842702;student;TICT-ICT-V1O;active
TICT-V1ICOR;1837925;student;TICT-ICT-V1F;active
TICT-V1ICOR;1838698;student;TICT-ICT-V1G;active
TICT-V1ICOR;1849539;student;TICT-ICT-V1U;active
TICT-V1ICOR;1845066;student;TICT-ICT-V1T;active
TICT-V1ICOR;1827764;student;TICT-ICT-V1S;active
TICT-V1ICOR;1833938;student;TICT-ICT-V1U;active
TICT-V1ICOR;1761016;student;TICT-ICT-V1U;active
TICT-V1ICOR;1753996;student;TICT-ICT-V1L;active
TICT-V1ICOR;1840879;student;TICT-ICT-V1U;active
TICT-V1ICOR;1834306;student;TICT-ICT-V1H;active
TICT-V1ICOR;1846927;student;TICT-ICT-V1I;active
TICT-V1ICOR;1834771;student;TICT-ICT-V1R;active
TICT-V1ICOR;1842053;student;TICT-ICT-V1B;active
TICT-V1ICOR;1840584;student;TICT-ICT-V1O;active
TICT-V1ICOR;1842299;student;TICT-ICT-V1B;active
TICT-V1ICOR;1847391;student;TICT-ICT-V1M;active
TICT-V1ICOR;1840425;student;TICT-ICT-V1B;active
TICT-V1ICOR;1840359;student;TICT-ICT-V1Q;active
TICT-V1ICOR;1845840;student;TICT-ICT-V1I;active
TICT-V1ICOR;1843267;student;TICT-ICT-V1R;active
TICT-V1ICOR;1847015;student;TICT-ICT-V1N;active
TICT-V1ICOR;1822695;student;TICT-ICT-V1U;active
TICT-V1ICOR;1844149;student;TICT-ICT-V1U;active
TICT-V1ICOR;1849205;student;TICT-ICT-V1U;active
TICT-V1ICOR;1836713;student;TICT-ICT-V1I;active
TICT-V1ICOR;1840468;student;TICT-ICT-V1F;active
TICT-V1ICOR;1820919;student;TICT-ICT-V1D;active
TICT-V1ICOR;1837931;student;TICT-ICT-V1B;active
TICT-V1ICOR;1841441;student;TICT-ICT-V1E;active
TICT-V1ICOR;1834386;student;TICT-ICT-V1P;active
TICT-V1ICOR;1845815;student;TICT-ICT-V1A;active
TICT-V1ICOR;1820775;student;TICT-ICT-V1U;active
TICT-V1ICOR;1835253;student;TICT-ICT-V1O;active
TICT-V1ICOR;1844614;student;TICT-ICT-V1N;active
TICT-V1ICOR;1824534;student;TICT-ICT-V1T;active
TICT-V1ICOR;1841413;student;TICT-ICT-V1N;active
TICT-V1ICOR;1838979;student;TICT-ICT-V1T;active
TICT-V1ICOR;1843294;student;TICT-ICT-V1J;active
TICT-V1ICOR;1844012;student;TICT-ICT-V1G;active
TICT-V1ICOR;1845369;student;TICT-ICT-V1G;active
TICT-V1ICOR;1841386;student;TICT-ICT-V1I;active
TICT-V1ICOR;1838422;student;TICT-ICT-V1M;active
TICT-V1ICOR;1838262;student;TICT-ICT-V1I;active
TICT-V1ICOR;1844393;student;TICT-ICT-V1G;active
TICT-V1ICOR;1827620;student;TICT-ICT-V1F;active
TICT-V1ICOR;1798198;student;TICT-ICT-V1D;active
TICT-V1ICOR;1842943;student;TICT-ICT-V1R;active
TICT-V1ICOR;1837599;student;TICT-ICT-V1A;active
TICT-V1ICOR;1844630;student;TICT-ICT-V1T;active
TICT-V1ICOR;1843254;student;TICT-ICT-V1B;active
TICT-V1ICOR;1827631;student;TICT-ICT-V1B;active
TICT-V1ICOR;1805009;student;TICT-ICT-V1C;active
TICT-V1ICOR;1841433;student;TICT-ICT-V1E;active
TICT-V1ICOR;1846393;student;TICT-ICT-V1O;active
TICT-V1ICOR;1764212;student;TICT-ICT-V1S;active
TICT-V1ICOR;1846962;student;TICT-ICT-V1R;active
TICT-V1ICOR;1811675;student;TICT-ICT-V1T;active
TICT-V1ICOR;1817661;student;TICT-ICT-V1O;active
TICT-V1ICOR;1840463;student;TICT-ICT-V1B;active
TICT-V1ICOR;1840460;student;TICT-ICT-V1A;active
TICT-V1ICOR;1834095;student;TICT-ICT-V1B;active
TICT-V1ICOR;1819111;student;TICT-ICT-V1U;active
TICT-V1ICOR;1838016;student;TICT-ICT-V1G;active
TICT-V1ICOR;1839401;student;TICT-ICT-V1K;active
TICT-V1ICOR;1838918;student;TICT-ICT-V1D;active
TICT-V1ICOR;1840253;student;TICT-ICT-V1G;active
TICT-V1ICOR;1820485;student;TICT-ICT-V1C;active
TICT-V1ICOR;1825357;student;TICT-ICT-V1K;active
TICT-V1ICOR;1839509;student;TICT-ICT-V1A;active
TICT-V1ICOR;1842061;student;TICT-ICT-V1C;active
TICT-V1ICOR;1763331;student;TICT-ICT-V1G;active
TICT-V1ICOR;1843962;student;TICT-ICT-V1O;active
TICT-V1ICOR;1835559;student;TICT-ICT-V1G;active
TICT-V1ICOR;1846803;student;TICT-ICT-V1S;active
TICT-V1ICOR;1823331;student;TICT-ICT-V1A;active
TICT-V1ICOR;1838252;student;TICT-ICT-V1N;active
TICT-V1ICOR;1839244;student;TICT-ICT-V1J;active
TICT-V1ICOR;1840141;student;TICT-ICT-V1K;active
TICT-V1ICOR;1725257;student;TICT-ICT-V1M;active
TICT-V1ICOR;1845671;student;TICT-ICT-V1Q;active
TICT-V1ICOR;1839426;student;TICT-ICT-V1P;active
TICT-V1ICOR;1822667;student;TICT-ICT-V1U;active
TICT-V1ICOR;1844617;student;TICT-ICT-V1C;active
TICT-V1ICOR;1834376;student;TICT-ICT-V1T;active
TICT-V1ICOR;1841820;student;TICT-ICT-V1D;active
TICT-V1ICOR;1843703;student;TICT-ICT-V1O;active
TICT-V1ICOR;1842492;student;TICT-ICT-V1U;active
TICT-V1ICOR;1835430;student;TICT-ICT-V1O;active
TICT-V1ICOR;1817125;student;TICT-ICT-V1T;active
TICT-V1ICOR;1843797;student;TICT-ICT-V1E;active
TICT-V1ICOR;1850776;student;TICT-ICT-V1Q;active
TICT-V1ICOR;1838901;student;TICT-ICT-V1H;active
TICT-V1ICOR;1842663;student;TICT-ICT-V1H;active
TICT-V1ICOR;1839979;student;TICT-ICT-V1F;active
TICT-V1ICOR;1849793;student;TICT-ICT-V1J;active
TICT-V1ICOR;1820398;student;TICT-ICT-V1R;active
TICT-V1ICOR;1839160;student;TICT-ICT-V1H;active
TICT-V1ICOR;1840224;student;TICT-ICT-V1C;active
TICT-V1ICOR;1837979;student;TICT-ICT-V1S;active
TICT-V1ICOR;1795417;student;TICT-ICT-V1C;active
TICT-V1ICOR;1837362;student;TICT-ICT-V1Q;active
TICT-V1ICOR;1847662;student;TICT-ICT-V1M;active
TICT-V1ICOR;1839469;student;TICT-ICT-V1O;active
TICT-V1ICOR;1839546;student;TICT-ICT-V1H;active
TICT-V1ICOR;1839606;student;TICT-ICT-V1F;active
TICT-V1ICOR;1821299;student;TICT-ICT-V1M;active
TICT-V1ICOR;1840230;student;TICT-ICT-V1I;active
TICT-V1ICOR;1837149;student;TICT-ICT-V1Q;active
TICT-V1ICOR;1841526;student;TICT-ICT-V1Q;active
TICT-V1ICOR;1828845;student;TICT-ICT-V1E;active
TICT-V1ICOR;1840965;student;TICT-ICT-V1F;active
TICT-V1ICOR;1821574;student;TICT-ICT-V1E;active
TICT-V1ICOR;1834140;student;TICT-ICT-V1I;active
TICT-V1ICOR;1833573;student;TICT-ICT-V1L;active
TICT-V1ICOR;1838658;student;TICT-ICT-V1F;active
TICT-V1ICOR;1819991;student;TICT-ICT-V1M;active
TICT-V1ICOR;1844272;student;TICT-ICT-V1Q;active
TICT-V1ICOR;1843127;student;TICT-ICT-V1Q;active
TICT-V1ICOR;1840123;student;TICT-ICT-V1U;active
TICT-V1ICOR;1831983;student;TICT-ICT-V1L;active
TICT-V1ICOR;1800550;student;TICT-ICT-V1G;active
TICT-V1ICOR;1841204;student;TICT-ICT-V1J;active
TICT-V1ICOR;1848982;student;TICT-ICT-V1I;active
TICT-V1ICOR;1808047;student;TICT-ICT-V1I;active
TICT-V1ICOR;1839675;student;TICT-ICT-V1B;active
TICT-V1ICOR;1846712;student;TICT-ICT-V1K;active
TICT-V1ICOR;1787837;student;TICT-ICT-V1J;active
TICT-V1ICOR;1839322;student;TICT-ICT-V1Q;active
TICT-V1ICOR;1837939;student;TICT-ICT-V1Q;active
TICT-V1ICOR;1838746;student;TICT-ICT-V1S;active
TICT-V1ICOR;1843357;student;TICT-ICT-V1N;active
TICT-V1ICOR;1843428;student;TICT-ICT-V1R;active
TICT-V1ICOR;1824729;student;TICT-ICT-V1L;active
TICT-V1ICOR;1844794;student;TICT-ICT-V1C;active
TICT-V1ICOR;1841498;student;TICT-ICT-V1E;active
TICT-V1ICOR;1842841;student;TICT-ICT-V1N;active
TICT-V1ICOR;1841020;student;TICT-ICT-V1N;active
TICT-V1ICOR;1849334;student;TICT-ICT-V1M;active
TICT-V1ICOR;1844807;student;TICT-ICT-V1P;active
TICT-V1ICOR;1839992;student;TICT-ICT-V1N;active
TICT-V1ICOR;1839422;student;TICT-ICT-V1T;active
TICT-V1ICOR;1768311;student;TICT-ICT-V1B;active
TICT-V1ICOR;1835690;student;TICT-ICT-V1J;active
TICT-V1ICOR;1834383;student;TICT-ICT-V1D;active
TICT-V1ICOR;1844469;student;TICT-ICT-V1R;active
TICT-V1ICOR;1837980;student;TICT-ICT-V1R;active
TICT-V1ICOR;1836269;student;TICT-ICT-V1A;active
TICT-V1ICOR;1819910;student;TICT-ICT-V1I;active
TICT-V1ICOR;1842590;student;TICT-ICT-V1P;active
TICT-V1ICOR;1846131;student;TICT-ICT-V1R;active
TICT-V1ICOR;1844305;student;TICT-ICT-V1K;active
TICT-V1ICOR;1823480;student;TICT-ICT-V1M;active
TICT-V1ICOR;1845661;student;TICT-ICT-V1O;active
TICT-V1ICOR;1846759;student;TICT-ICT-V1Q;active
